issue_time,target_time,target_time_local,lead_hour,power_pred
2026-01-31,2026-01-31 00:00:00,2026-01-31 06:00:00,1,0.8542135152642178
2026-01-31,2026-01-31 01:00:00,2026-01-31 07:00:00,2,0.8616243515736205
2026-01-31,2026-01-31 02:00:00,2026-01-31 08:00:00,3,0.8289104572757149
2026-01-31,2026-01-31 03:00:00,2026-01-31 09:00:00,4,0.8287799519204756
2026-01-31,2026-01-31 04:00:00,2026-01-31 10:00:00,5,0.8959325622983267
2026-01-31,2026-01-31 05:00:00,2026-01-31 11:00:00,6,0.9446744657984967
2026-01-31,2026-01-31 06:00:00,2026-01-31 12:00:00,7,0.9324949776099818
2026-01-31,2026-01-31 07:00:00,2026-01-31 13:00:00,8,0.9640273057275242
2026-01-31,2026-01-31 08:00:00,2026-01-31 14:00:00,9,0.974473207180308
2026-01-31,2026-01-31 09:00:00,2026-01-31 15:00:00,10,0.9691518530337723
2026-01-31,2026-01-31 10:00:00,2026-01-31 16:00:00,11,0.8915260430528851
2026-01-31,2026-01-31 11:00:00,2026-01-31 17:00:00,12,0.8121947147736852
2026-01-31,2026-01-31 12:00:00,2026-01-31 18:00:00,13,0.5556275104670798
2026-01-31,2026-01-31 13:00:00,2026-01-31 19:00:00,14,0.23958313316317417
2026-01-31,2026-01-31 14:00:00,2026-01-31 20:00:00,15,0.1367352750144655
2026-01-31,2026-01-31 15:00:00,2026-01-31 21:00:00,16,0.07617616166450428
2026-01-31,2026-01-31 16:00:00,2026-01-31 22:00:00,17,0.020813423691065595
2026-01-31,2026-01-31 17:00:00,2026-01-31 23:00:00,18,0.0012440481851428925
2026-01-31,2026-01-31 18:00:00,2026-02-01 00:00:00,19,0.004392438045567999
2026-01-31,2026-01-31 19:00:00,2026-02-01 01:00:00,20,0.00028315619993187456
2026-01-31,2026-01-31 20:00:00,2026-02-01 02:00:00,21,0.00570262727550416
2026-01-31,2026-01-31 21:00:00,2026-02-01 03:00:00,22,0.01557617552212651
2026-01-31,2026-01-31 22:00:00,2026-02-01 04:00:00,23,0.03374675217121733
2026-01-31,2026-01-31 23:00:00,2026-02-01 05:00:00,24,0.024560401929364074
2026-01-31,2026-02-01 00:00:00,2026-02-01 06:00:00,25,0.015584402691383257
2026-01-31,2026-02-01 01:00:00,2026-02-01 07:00:00,26,0.02873547784974762
2026-01-31,2026-02-01 02:00:00,2026-02-01 08:00:00,27,0.06696162618972704
2026-01-31,2026-02-01 03:00:00,2026-02-01 09:00:00,28,0.11325524780160276
2026-01-31,2026-02-01 04:00:00,2026-02-01 10:00:00,29,0.09471650356914889
2026-01-31,2026-02-01 05:00:00,2026-02-01 11:00:00,30,0.16731644445154606
2026-01-31,2026-02-01 06:00:00,2026-02-01 12:00:00,31,0.24658593829480627
2026-01-31,2026-02-01 07:00:00,2026-02-01 13:00:00,32,0.31807717654710127
2026-01-31,2026-02-01 08:00:00,2026-02-01 14:00:00,33,0.5092279065340236
2026-01-31,2026-02-01 09:00:00,2026-02-01 15:00:00,34,0.5133294642881794
2026-01-31,2026-02-01 10:00:00,2026-02-01 16:00:00,35,0.35533909540282005
2026-01-31,2026-02-01 11:00:00,2026-02-01 17:00:00,36,0.37396791717910116
2026-01-31,2026-02-01 12:00:00,2026-02-01 18:00:00,37,0.32275865609106463
2026-01-31,2026-02-01 13:00:00,2026-02-01 19:00:00,38,0.33924283551625417
2026-01-31,2026-02-01 14:00:00,2026-02-01 20:00:00,39,0.3483992684590473
2026-01-31,2026-02-01 15:00:00,2026-02-01 21:00:00,40,0.3819631878980528
2026-01-31,2026-02-01 16:00:00,2026-02-01 22:00:00,41,0.2465608225534682
2026-01-31,2026-02-01 17:00:00,2026-02-01 23:00:00,42,0.22882074815170153
2026-01-31,2026-02-01 18:00:00,2026-02-02 00:00:00,43,0.20321540101066962
2026-01-31,2026-02-01 19:00:00,2026-02-02 01:00:00,44,0.20460300414415714
2026-01-31,2026-02-01 20:00:00,2026-02-02 02:00:00,45,0.2706751247748655
2026-01-31,2026-02-01 21:00:00,2026-02-02 03:00:00,46,0.3993880528551894
2026-01-31,2026-02-01 22:00:00,2026-02-02 04:00:00,47,0.4765920118435094
2026-01-31,2026-02-01 23:00:00,2026-02-02 05:00:00,48,0.5708237560704904
2026-02-01,2026-02-01 00:00:00,2026-02-01 06:00:00,1,0.07560965575777367
2026-02-01,2026-02-01 01:00:00,2026-02-01 07:00:00,2,0.07924392598517999
2026-02-01,2026-02-01 02:00:00,2026-02-01 08:00:00,3,0.08609590365281666
2026-02-01,2026-02-01 03:00:00,2026-02-01 09:00:00,4,0.09662568490276177
2026-02-01,2026-02-01 04:00:00,2026-02-01 10:00:00,5,0.1146294047400948
2026-02-01,2026-02-01 05:00:00,2026-02-01 11:00:00,6,0.09875472476446376
2026-02-01,2026-02-01 06:00:00,2026-02-01 12:00:00,7,0.14119397161438244
2026-02-01,2026-02-01 07:00:00,2026-02-01 13:00:00,8,0.21515218161687474
2026-02-01,2026-02-01 08:00:00,2026-02-01 14:00:00,9,0.26075585349609065
2026-02-01,2026-02-01 09:00:00,2026-02-01 15:00:00,10,0.23201573793601757
2026-02-01,2026-02-01 10:00:00,2026-02-01 16:00:00,11,0.21660663634133412
2026-02-01,2026-02-01 11:00:00,2026-02-01 17:00:00,12,0.19438982086580617
2026-02-01,2026-02-01 12:00:00,2026-02-01 18:00:00,13,0.19871665437512506
2026-02-01,2026-02-01 13:00:00,2026-02-01 19:00:00,14,0.22141761933962764
2026-02-01,2026-02-01 14:00:00,2026-02-01 20:00:00,15,0.26290063490956034
2026-02-01,2026-02-01 15:00:00,2026-02-01 21:00:00,16,0.26570430028355624
2026-02-01,2026-02-01 16:00:00,2026-02-01 22:00:00,17,0.3795160158026103
2026-02-01,2026-02-01 17:00:00,2026-02-01 23:00:00,18,0.3252907173378644
2026-02-01,2026-02-01 18:00:00,2026-02-02 00:00:00,19,0.3214159852105273
2026-02-01,2026-02-01 19:00:00,2026-02-02 01:00:00,20,0.381663693740127
2026-02-01,2026-02-01 20:00:00,2026-02-02 02:00:00,21,0.43402539247008426
2026-02-01,2026-02-01 21:00:00,2026-02-02 03:00:00,22,0.5319949258655247
2026-02-01,2026-02-01 22:00:00,2026-02-02 04:00:00,23,0.53475420970516
2026-02-01,2026-02-01 23:00:00,2026-02-02 05:00:00,24,0.4914658244338612
2026-02-01,2026-02-02 00:00:00,2026-02-02 06:00:00,25,0.4605889000705527
2026-02-01,2026-02-02 01:00:00,2026-02-02 07:00:00,26,0.4333894008626503
2026-02-01,2026-02-02 02:00:00,2026-02-02 08:00:00,27,0.47778334243597514
2026-02-01,2026-02-02 03:00:00,2026-02-02 09:00:00,28,0.5342575023641787
2026-02-01,2026-02-02 04:00:00,2026-02-02 10:00:00,29,0.6913828688315989
2026-02-01,2026-02-02 05:00:00,2026-02-02 11:00:00,30,0.7957239908578093
2026-02-01,2026-02-02 06:00:00,2026-02-02 12:00:00,31,0.8397290652999474
2026-02-01,2026-02-02 07:00:00,2026-02-02 13:00:00,32,0.8758739468974239
2026-02-01,2026-02-02 08:00:00,2026-02-02 14:00:00,33,0.8855627520525469
2026-02-01,2026-02-02 09:00:00,2026-02-02 15:00:00,34,0.8871182793861436
2026-02-01,2026-02-02 10:00:00,2026-02-02 16:00:00,35,0.8585364773370214
2026-02-01,2026-02-02 11:00:00,2026-02-02 17:00:00,36,0.7335937278246172
2026-02-01,2026-02-02 12:00:00,2026-02-02 18:00:00,37,0.4073953367886999
2026-02-01,2026-02-02 13:00:00,2026-02-02 19:00:00,38,0.2760051814534998
2026-02-01,2026-02-02 14:00:00,2026-02-02 20:00:00,39,0.19846303890145936
2026-02-01,2026-02-02 15:00:00,2026-02-02 21:00:00,40,0.17203946829662123
2026-02-01,2026-02-02 16:00:00,2026-02-02 22:00:00,41,0.06094862034281695
2026-02-01,2026-02-02 17:00:00,2026-02-02 23:00:00,42,0.06218625034458172
2026-02-01,2026-02-02 18:00:00,2026-02-03 00:00:00,43,0.06823454849867369
2026-02-01,2026-02-02 19:00:00,2026-02-03 01:00:00,44,0.0668270618607164
2026-02-01,2026-02-02 20:00:00,2026-02-03 02:00:00,45,0.06298779368645638
2026-02-01,2026-02-02 21:00:00,2026-02-03 03:00:00,46,0.07249949315597616
2026-02-01,2026-02-02 22:00:00,2026-02-03 04:00:00,47,0.10206069657170223
2026-02-01,2026-02-02 23:00:00,2026-02-03 05:00:00,48,0.15662636015977924
2026-02-02,2026-02-02 00:00:00,2026-02-02 06:00:00,1,0.5679725727174922
2026-02-02,2026-02-02 01:00:00,2026-02-02 07:00:00,2,0.506153239214172
2026-02-02,2026-02-02 02:00:00,2026-02-02 08:00:00,3,0.5352787207929831
2026-02-02,2026-02-02 03:00:00,2026-02-02 09:00:00,4,0.5963349416630294
2026-02-02,2026-02-02 04:00:00,2026-02-02 10:00:00,5,0.6744507533580668
2026-02-02,2026-02-02 05:00:00,2026-02-02 11:00:00,6,0.8110645228346075
2026-02-02,2026-02-02 06:00:00,2026-02-02 12:00:00,7,0.8561447684983144
2026-02-02,2026-02-02 07:00:00,2026-02-02 13:00:00,8,0.9049536667910438
2026-02-02,2026-02-02 08:00:00,2026-02-02 14:00:00,9,0.9213325515307262
2026-02-02,2026-02-02 09:00:00,2026-02-02 15:00:00,10,0.9505095142449985
2026-02-02,2026-02-02 10:00:00,2026-02-02 16:00:00,11,0.9542658210069107
2026-02-02,2026-02-02 11:00:00,2026-02-02 17:00:00,12,0.884041570236782
2026-02-02,2026-02-02 12:00:00,2026-02-02 18:00:00,13,0.569464380422545
2026-02-02,2026-02-02 13:00:00,2026-02-02 19:00:00,14,0.2649955496946939
2026-02-02,2026-02-02 14:00:00,2026-02-02 20:00:00,15,0.16519456769362786
2026-02-02,2026-02-02 15:00:00,2026-02-02 21:00:00,16,0.1381992651711302
2026-02-02,2026-02-02 16:00:00,2026-02-02 22:00:00,17,0.13774911734764358
2026-02-02,2026-02-02 17:00:00,2026-02-02 23:00:00,18,0.12014880312116628
2026-02-02,2026-02-02 18:00:00,2026-02-03 00:00:00,19,0.13545809710451887
2026-02-02,2026-02-02 19:00:00,2026-02-03 01:00:00,20,0.1524682446307968
2026-02-02,2026-02-02 20:00:00,2026-02-03 02:00:00,21,0.17741096725826702
2026-02-02,2026-02-02 21:00:00,2026-02-03 03:00:00,22,0.15671508572201745
2026-02-02,2026-02-02 22:00:00,2026-02-03 04:00:00,23,0.19272913740971911
2026-02-02,2026-02-02 23:00:00,2026-02-03 05:00:00,24,0.23846868370124144
2026-02-02,2026-02-03 00:00:00,2026-02-03 06:00:00,25,0.24641287067962844
2026-02-02,2026-02-03 01:00:00,2026-02-03 07:00:00,26,0.15921370549474193
2026-02-02,2026-02-03 02:00:00,2026-02-03 08:00:00,27,0.11393075481656291
2026-02-02,2026-02-03 03:00:00,2026-02-03 09:00:00,28,0.0735218767750049
2026-02-02,2026-02-03 04:00:00,2026-02-03 10:00:00,29,0.04712696464164835
2026-02-02,2026-02-03 05:00:00,2026-02-03 11:00:00,30,0.04227269895436279
2026-02-02,2026-02-03 06:00:00,2026-02-03 12:00:00,31,0.043094631734555175
2026-02-02,2026-02-03 07:00:00,2026-02-03 13:00:00,32,0.02970033761445118
2026-02-02,2026-02-03 08:00:00,2026-02-03 14:00:00,33,0.019325186205929056
2026-02-02,2026-02-03 09:00:00,2026-02-03 15:00:00,34,0.023492698296681876
2026-02-02,2026-02-03 10:00:00,2026-02-03 16:00:00,35,0.04185442915572265
2026-02-02,2026-02-03 11:00:00,2026-02-03 17:00:00,36,0.05036325657310784
2026-02-02,2026-02-03 12:00:00,2026-02-03 18:00:00,37,0.10220870447723618
2026-02-02,2026-02-03 13:00:00,2026-02-03 19:00:00,38,0.28234480184523314
2026-02-02,2026-02-03 14:00:00,2026-02-03 20:00:00,39,0.3299705478903165
2026-02-02,2026-02-03 15:00:00,2026-02-03 21:00:00,40,0.295065047862811
2026-02-02,2026-02-03 16:00:00,2026-02-03 22:00:00,41,0.1892973260346402
2026-02-02,2026-02-03 17:00:00,2026-02-03 23:00:00,42,0.25586013166987975
2026-02-02,2026-02-03 18:00:00,2026-02-04 00:00:00,43,0.2924750067253348
2026-02-02,2026-02-03 19:00:00,2026-02-04 01:00:00,44,0.2710807754551469
2026-02-02,2026-02-03 20:00:00,2026-02-04 02:00:00,45,0.22275124227799167
2026-02-02,2026-02-03 21:00:00,2026-02-04 03:00:00,46,0.24619456680753007
2026-02-02,2026-02-03 22:00:00,2026-02-04 04:00:00,47,0.28497987798024615
2026-02-02,2026-02-03 23:00:00,2026-02-04 05:00:00,48,0.27459424685203276
2026-02-03,2026-02-03 00:00:00,2026-02-03 06:00:00,1,0.36099257356995434
2026-02-03,2026-02-03 01:00:00,2026-02-03 07:00:00,2,0.14296664984585064
2026-02-03,2026-02-03 02:00:00,2026-02-03 08:00:00,3,0.0711811854872568
2026-02-03,2026-02-03 03:00:00,2026-02-03 09:00:00,4,0.08022490750546837
2026-02-03,2026-02-03 04:00:00,2026-02-03 10:00:00,5,0.044249349571467936
2026-02-03,2026-02-03 05:00:00,2026-02-03 11:00:00,6,0.03859684824749142
2026-02-03,2026-02-03 06:00:00,2026-02-03 12:00:00,7,0.03263568373221783
2026-02-03,2026-02-03 07:00:00,2026-02-03 13:00:00,8,0.02510368543841958
2026-02-03,2026-02-03 08:00:00,2026-02-03 14:00:00,9,0.025704970482225167
2026-02-03,2026-02-03 09:00:00,2026-02-03 15:00:00,10,0.020830431607856772
2026-02-03,2026-02-03 10:00:00,2026-02-03 16:00:00,11,0.05295376141022149
2026-02-03,2026-02-03 11:00:00,2026-02-03 17:00:00,12,0.1501759841117121
2026-02-03,2026-02-03 12:00:00,2026-02-03 18:00:00,13,0.25669029947510963
2026-02-03,2026-02-03 13:00:00,2026-02-03 19:00:00,14,0.3472392961592698
2026-02-03,2026-02-03 14:00:00,2026-02-03 20:00:00,15,0.3639447358383232
2026-02-03,2026-02-03 15:00:00,2026-02-03 21:00:00,16,0.38531297232746853
2026-02-03,2026-02-03 16:00:00,2026-02-03 22:00:00,17,0.2686889901678984
2026-02-03,2026-02-03 17:00:00,2026-02-03 23:00:00,18,0.22447421319552333
2026-02-03,2026-02-03 18:00:00,2026-02-04 00:00:00,19,0.21758154890224576
2026-02-03,2026-02-03 19:00:00,2026-02-04 01:00:00,20,0.21759407737732858
2026-02-03,2026-02-03 20:00:00,2026-02-04 02:00:00,21,0.18450817545671636
2026-02-03,2026-02-03 21:00:00,2026-02-04 03:00:00,22,0.2921434473197376
2026-02-03,2026-02-03 22:00:00,2026-02-04 04:00:00,23,0.3603970928659776
2026-02-03,2026-02-03 23:00:00,2026-02-04 05:00:00,24,0.3332795135137073
2026-02-03,2026-02-04 00:00:00,2026-02-04 06:00:00,25,0.41910895657412406
2026-02-03,2026-02-04 01:00:00,2026-02-04 07:00:00,26,0.40996861441153803
2026-02-03,2026-02-04 02:00:00,2026-02-04 08:00:00,27,0.355650258759303
2026-02-03,2026-02-04 03:00:00,2026-02-04 09:00:00,28,0.2697941171048501
2026-02-03,2026-02-04 04:00:00,2026-02-04 10:00:00,29,0.2188030215476601
2026-02-03,2026-02-04 05:00:00,2026-02-04 11:00:00,30,0.1770443212729447
2026-02-03,2026-02-04 06:00:00,2026-02-04 12:00:00,31,0.09731854406782113
2026-02-03,2026-02-04 07:00:00,2026-02-04 13:00:00,32,0.07095700958311901
2026-02-03,2026-02-04 08:00:00,2026-02-04 14:00:00,33,0.08250243881947046
2026-02-03,2026-02-04 09:00:00,2026-02-04 15:00:00,34,0.08585116353569817
2026-02-03,2026-02-04 10:00:00,2026-02-04 16:00:00,35,0.09451515441354298
2026-02-03,2026-02-04 11:00:00,2026-02-04 17:00:00,36,0.039067515070965605
2026-02-03,2026-02-04 12:00:00,2026-02-04 18:00:00,37,0.05206850720436506
2026-02-03,2026-02-04 13:00:00,2026-02-04 19:00:00,38,0.09553868489513706
2026-02-03,2026-02-04 14:00:00,2026-02-04 20:00:00,39,0.33251433378471473
2026-02-03,2026-02-04 15:00:00,2026-02-04 21:00:00,40,0.7368246087406191
2026-02-03,2026-02-04 16:00:00,2026-02-04 22:00:00,41,0.29130428829294996
2026-02-03,2026-02-04 17:00:00,2026-02-04 23:00:00,42,0.45586641327389893
2026-02-03,2026-02-04 18:00:00,2026-02-05 00:00:00,43,0.5043831903805504
2026-02-03,2026-02-04 19:00:00,2026-02-05 01:00:00,44,0.5177754558687613
2026-02-03,2026-02-04 20:00:00,2026-02-05 02:00:00,45,0.7231230022893127
2026-02-03,2026-02-04 21:00:00,2026-02-05 03:00:00,46,0.7192051583085344
2026-02-03,2026-02-04 22:00:00,2026-02-05 04:00:00,47,0.7462737495507167
2026-02-03,2026-02-04 23:00:00,2026-02-05 05:00:00,48,0.9370806723175759
2026-02-04,2026-02-04 00:00:00,2026-02-04 06:00:00,1,0.6244301956858574
2026-02-04,2026-02-04 01:00:00,2026-02-04 07:00:00,2,0.48570841454488445
2026-02-04,2026-02-04 02:00:00,2026-02-04 08:00:00,3,0.3163366892322806
2026-02-04,2026-02-04 03:00:00,2026-02-04 09:00:00,4,0.20158167041189565
2026-02-04,2026-02-04 04:00:00,2026-02-04 10:00:00,5,0.15596575630235135
2026-02-04,2026-02-04 05:00:00,2026-02-04 11:00:00,6,0.11165603659263984
2026-02-04,2026-02-04 06:00:00,2026-02-04 12:00:00,7,0.1030593760603153
2026-02-04,2026-02-04 07:00:00,2026-02-04 13:00:00,8,0.08502240062241878
2026-02-04,2026-02-04 08:00:00,2026-02-04 14:00:00,9,0.06774714140091906
2026-02-04,2026-02-04 09:00:00,2026-02-04 15:00:00,10,0.07790116509306104
2026-02-04,2026-02-04 10:00:00,2026-02-04 16:00:00,11,0.07938155970524521
2026-02-04,2026-02-04 11:00:00,2026-02-04 17:00:00,12,0.03568937840031835
2026-02-04,2026-02-04 12:00:00,2026-02-04 18:00:00,13,0.04082003020477627
2026-02-04,2026-02-04 13:00:00,2026-02-04 19:00:00,14,0.2153538561624758
2026-02-04,2026-02-04 14:00:00,2026-02-04 20:00:00,15,0.4453175557760766
2026-02-04,2026-02-04 15:00:00,2026-02-04 21:00:00,16,0.7693804186312027
2026-02-04,2026-02-04 16:00:00,2026-02-04 22:00:00,17,0.8019190585474281
2026-02-04,2026-02-04 17:00:00,2026-02-04 23:00:00,18,0.7275481725297132
2026-02-04,2026-02-04 18:00:00,2026-02-05 00:00:00,19,0.778304512652127
2026-02-04,2026-02-04 19:00:00,2026-02-05 01:00:00,20,0.9241516285982874
2026-02-04,2026-02-04 20:00:00,2026-02-05 02:00:00,21,0.965434961959877
2026-02-04,2026-02-04 21:00:00,2026-02-05 03:00:00,22,0.9763064536388878
2026-02-04,2026-02-04 22:00:00,2026-02-05 04:00:00,23,0.9781014198367393
2026-02-04,2026-02-04 23:00:00,2026-02-05 05:00:00,24,0.964706353431427
2026-02-04,2026-02-05 00:00:00,2026-02-05 06:00:00,25,0.9687288055565954
2026-02-04,2026-02-05 01:00:00,2026-02-05 07:00:00,26,0.96627586889654
2026-02-04,2026-02-05 02:00:00,2026-02-05 08:00:00,27,0.9676988674430432
2026-02-04,2026-02-05 03:00:00,2026-02-05 09:00:00,28,0.9670107811816917
2026-02-04,2026-02-05 04:00:00,2026-02-05 10:00:00,29,0.9646954189180276
2026-02-04,2026-02-05 05:00:00,2026-02-05 11:00:00,30,0.9648471566948618
2026-02-04,2026-02-05 06:00:00,2026-02-05 12:00:00,31,0.9629499911515415
2026-02-04,2026-02-05 07:00:00,2026-02-05 13:00:00,32,0.9631741919455044
2026-02-04,2026-02-05 08:00:00,2026-02-05 14:00:00,33,0.9679120178648467
2026-02-04,2026-02-05 09:00:00,2026-02-05 15:00:00,34,0.9603652602617322
2026-02-04,2026-02-05 10:00:00,2026-02-05 16:00:00,35,0.9638237337016864
2026-02-04,2026-02-05 11:00:00,2026-02-05 17:00:00,36,0.97152366289515
2026-02-04,2026-02-05 12:00:00,2026-02-05 18:00:00,37,0.9600268389138479
2026-02-04,2026-02-05 13:00:00,2026-02-05 19:00:00,38,0.8906822368527845
2026-02-04,2026-02-05 14:00:00,2026-02-05 20:00:00,39,0.8495903078067704
2026-02-04,2026-02-05 15:00:00,2026-02-05 21:00:00,40,0.7894976119388117
2026-02-04,2026-02-05 16:00:00,2026-02-05 22:00:00,41,0.814764312368575
2026-02-04,2026-02-05 17:00:00,2026-02-05 23:00:00,42,0.6517377620889689
2026-02-04,2026-02-05 18:00:00,2026-02-06 00:00:00,43,0.521742766389867
2026-02-04,2026-02-05 19:00:00,2026-02-06 01:00:00,44,0.5014136337123611
2026-02-04,2026-02-05 20:00:00,2026-02-06 02:00:00,45,0.4506477481895826
2026-02-04,2026-02-05 21:00:00,2026-02-06 03:00:00,46,0.25463540988941696
2026-02-04,2026-02-05 22:00:00,2026-02-06 04:00:00,47,0.11543849295021813
2026-02-04,2026-02-05 23:00:00,2026-02-06 05:00:00,48,0.06705743805332645
2026-02-05,2026-02-05 00:00:00,2026-02-05 06:00:00,1,0.9605516572039444
2026-02-05,2026-02-05 01:00:00,2026-02-05 07:00:00,2,0.9656874319513141
2026-02-05,2026-02-05 02:00:00,2026-02-05 08:00:00,3,0.9663010652564115
2026-02-05,2026-02-05 03:00:00,2026-02-05 09:00:00,4,0.9648838281322464
2026-02-05,2026-02-05 04:00:00,2026-02-05 10:00:00,5,0.9615658625600241
2026-02-05,2026-02-05 05:00:00,2026-02-05 11:00:00,6,0.9653549871824728
2026-02-05,2026-02-05 06:00:00,2026-02-05 12:00:00,7,0.9633645617633583
2026-02-05,2026-02-05 07:00:00,2026-02-05 13:00:00,8,0.96168316873295
2026-02-05,2026-02-05 08:00:00,2026-02-05 14:00:00,9,0.9649777295618963
2026-02-05,2026-02-05 09:00:00,2026-02-05 15:00:00,10,0.9657784985846103
2026-02-05,2026-02-05 10:00:00,2026-02-05 16:00:00,11,0.9731529642273481
2026-02-05,2026-02-05 11:00:00,2026-02-05 17:00:00,12,0.9791592716110892
2026-02-05,2026-02-05 12:00:00,2026-02-05 18:00:00,13,0.8709481228106992
2026-02-05,2026-02-05 13:00:00,2026-02-05 19:00:00,14,0.814991998220504
2026-02-05,2026-02-05 14:00:00,2026-02-05 20:00:00,15,0.7973164366732516
2026-02-05,2026-02-05 15:00:00,2026-02-05 21:00:00,16,0.759478465840337
2026-02-05,2026-02-05 16:00:00,2026-02-05 22:00:00,17,0.6358433826562943
2026-02-05,2026-02-05 17:00:00,2026-02-05 23:00:00,18,0.4522165778939827
2026-02-05,2026-02-05 18:00:00,2026-02-06 00:00:00,19,0.4165008095274847
2026-02-05,2026-02-05 19:00:00,2026-02-06 01:00:00,20,0.440022053167701
2026-02-05,2026-02-05 20:00:00,2026-02-06 02:00:00,21,0.36832037915423826
2026-02-05,2026-02-05 21:00:00,2026-02-06 03:00:00,22,0.18294493839392081
2026-02-05,2026-02-05 22:00:00,2026-02-06 04:00:00,23,0.06831509188765524
2026-02-05,2026-02-05 23:00:00,2026-02-06 05:00:00,24,0.04591404442446773
2026-02-05,2026-02-06 00:00:00,2026-02-06 06:00:00,25,0.016072930827152644
2026-02-05,2026-02-06 01:00:00,2026-02-06 07:00:00,26,0.014395803923354551
2026-02-05,2026-02-06 02:00:00,2026-02-06 08:00:00,27,0.023334171599901855
2026-02-05,2026-02-06 03:00:00,2026-02-06 09:00:00,28,0.143964293767583
2026-02-05,2026-02-06 04:00:00,2026-02-06 10:00:00,29,0.17083663309731847
2026-02-05,2026-02-06 05:00:00,2026-02-06 11:00:00,30,0.4421490324553234
2026-02-05,2026-02-06 06:00:00,2026-02-06 12:00:00,31,0.5941343764485952
2026-02-05,2026-02-06 07:00:00,2026-02-06 13:00:00,32,0.7007823980518638
2026-02-05,2026-02-06 08:00:00,2026-02-06 14:00:00,33,0.9546184080676943
2026-02-05,2026-02-06 09:00:00,2026-02-06 15:00:00,34,0.9708969286772684
2026-02-05,2026-02-06 10:00:00,2026-02-06 16:00:00,35,0.9695628580135454
2026-02-05,2026-02-06 11:00:00,2026-02-06 17:00:00,36,0.9744884351615768
2026-02-05,2026-02-06 12:00:00,2026-02-06 18:00:00,37,0.9704908205031479
2026-02-05,2026-02-06 13:00:00,2026-02-06 19:00:00,38,0.975188434207131
2026-02-05,2026-02-06 14:00:00,2026-02-06 20:00:00,39,0.973144896595202
2026-02-05,2026-02-06 15:00:00,2026-02-06 21:00:00,40,0.9667277942810988
2026-02-05,2026-02-06 16:00:00,2026-02-06 22:00:00,41,0.9449325522727013
2026-02-05,2026-02-06 17:00:00,2026-02-06 23:00:00,42,0.8851072134667118
2026-02-05,2026-02-06 18:00:00,2026-02-07 00:00:00,43,0.8941614468991858
2026-02-05,2026-02-06 19:00:00,2026-02-07 01:00:00,44,0.681061799629218
2026-02-05,2026-02-06 20:00:00,2026-02-07 02:00:00,45,0.6092999944986439
2026-02-05,2026-02-06 21:00:00,2026-02-07 03:00:00,46,0.416187510197051
2026-02-05,2026-02-06 22:00:00,2026-02-07 04:00:00,47,0.4164606581014048
2026-02-05,2026-02-06 23:00:00,2026-02-07 05:00:00,48,0.3774877976667919
2026-02-06,2026-02-06 00:00:00,2026-02-06 06:00:00,1,0.06556570017206914
2026-02-06,2026-02-06 01:00:00,2026-02-06 07:00:00,2,0.04152383492284875
2026-02-06,2026-02-06 02:00:00,2026-02-06 08:00:00,3,0.037161932333975925
2026-02-06,2026-02-06 03:00:00,2026-02-06 09:00:00,4,0.020435771214191874
2026-02-06,2026-02-06 04:00:00,2026-02-06 10:00:00,5,0.032604067897054036
2026-02-06,2026-02-06 05:00:00,2026-02-06 11:00:00,6,0.04074458349913664
2026-02-06,2026-02-06 06:00:00,2026-02-06 12:00:00,7,0.16654252239258996
2026-02-06,2026-02-06 07:00:00,2026-02-06 13:00:00,8,0.5690798337768992
2026-02-06,2026-02-06 08:00:00,2026-02-06 14:00:00,9,0.92009024743861
2026-02-06,2026-02-06 09:00:00,2026-02-06 15:00:00,10,0.9710103107438629
2026-02-06,2026-02-06 10:00:00,2026-02-06 16:00:00,11,0.9711926358700821
2026-02-06,2026-02-06 11:00:00,2026-02-06 17:00:00,12,0.9680579534328121
2026-02-06,2026-02-06 12:00:00,2026-02-06 18:00:00,13,0.9693936283654607
2026-02-06,2026-02-06 13:00:00,2026-02-06 19:00:00,14,0.9686540991806654
2026-02-06,2026-02-06 14:00:00,2026-02-06 20:00:00,15,0.9761410816685386
2026-02-06,2026-02-06 15:00:00,2026-02-06 21:00:00,16,0.9726491292539152
2026-02-06,2026-02-06 16:00:00,2026-02-06 22:00:00,17,0.9684996983324912
2026-02-06,2026-02-06 17:00:00,2026-02-06 23:00:00,18,0.9681551022016686
2026-02-06,2026-02-06 18:00:00,2026-02-07 00:00:00,19,0.9861576210381316
2026-02-06,2026-02-06 19:00:00,2026-02-07 01:00:00,20,0.9839184802305299
2026-02-06,2026-02-06 20:00:00,2026-02-07 02:00:00,21,0.9276211663418028
2026-02-06,2026-02-06 21:00:00,2026-02-07 03:00:00,22,0.6970512996152411
2026-02-06,2026-02-06 22:00:00,2026-02-07 04:00:00,23,0.4698331574911575
2026-02-06,2026-02-06 23:00:00,2026-02-07 05:00:00,24,0.34801427262267615
2026-02-06,2026-02-07 00:00:00,2026-02-07 06:00:00,25,0.18888070430771245
2026-02-06,2026-02-07 01:00:00,2026-02-07 07:00:00,26,0.045744200357068124
2026-02-06,2026-02-07 02:00:00,2026-02-07 08:00:00,27,0.025151636648976235
2026-02-06,2026-02-07 03:00:00,2026-02-07 09:00:00,28,0.020465389506128424
2026-02-06,2026-02-07 04:00:00,2026-02-07 10:00:00,29,0.04344337571686522
2026-02-06,2026-02-07 05:00:00,2026-02-07 11:00:00,30,0.11246524438448459
2026-02-06,2026-02-07 06:00:00,2026-02-07 12:00:00,31,0.19807566115852118
2026-02-06,2026-02-07 07:00:00,2026-02-07 13:00:00,32,0.272276502011333
2026-02-06,2026-02-07 08:00:00,2026-02-07 14:00:00,33,0.3025601610122766
2026-02-06,2026-02-07 09:00:00,2026-02-07 15:00:00,34,0.20301227253723222
2026-02-06,2026-02-07 10:00:00,2026-02-07 16:00:00,35,0.10990781224093824
2026-02-06,2026-02-07 11:00:00,2026-02-07 17:00:00,36,0.029724715798412165
2026-02-06,2026-02-07 12:00:00,2026-02-07 18:00:00,37,0.04363628890566995
2026-02-06,2026-02-07 13:00:00,2026-02-07 19:00:00,38,0.09444022407920873
2026-02-06,2026-02-07 14:00:00,2026-02-07 20:00:00,39,0.19053969034198084
2026-02-06,2026-02-07 15:00:00,2026-02-07 21:00:00,40,0.4434057630435217
2026-02-06,2026-02-07 16:00:00,2026-02-07 22:00:00,41,0.613794969384287
2026-02-06,2026-02-07 17:00:00,2026-02-07 23:00:00,42,0.6398607603560278
2026-02-06,2026-02-07 18:00:00,2026-02-08 00:00:00,43,0.6386266104548316
2026-02-06,2026-02-07 19:00:00,2026-02-08 01:00:00,44,0.6885218604499116
2026-02-06,2026-02-07 20:00:00,2026-02-08 02:00:00,45,0.7520223406926235
2026-02-06,2026-02-07 21:00:00,2026-02-08 03:00:00,46,0.8139003544415782
2026-02-06,2026-02-07 22:00:00,2026-02-08 04:00:00,47,0.850108791559399
2026-02-06,2026-02-07 23:00:00,2026-02-08 05:00:00,48,0.8121691479323663
2026-02-07,2026-02-07 00:00:00,2026-02-07 06:00:00,1,0.047002972033956744
2026-02-07,2026-02-07 01:00:00,2026-02-07 07:00:00,2,0.05207804284317784
2026-02-07,2026-02-07 02:00:00,2026-02-07 08:00:00,3,0.022929625137966866
2026-02-07,2026-02-07 03:00:00,2026-02-07 09:00:00,4,0.014743036279528436
2026-02-07,2026-02-07 04:00:00,2026-02-07 10:00:00,5,0.09931338716327154
2026-02-07,2026-02-07 05:00:00,2026-02-07 11:00:00,6,0.2554948770903695
2026-02-07,2026-02-07 06:00:00,2026-02-07 12:00:00,7,0.34542633219613783
2026-02-07,2026-02-07 07:00:00,2026-02-07 13:00:00,8,0.43543482927974064
2026-02-07,2026-02-07 08:00:00,2026-02-07 14:00:00,9,0.31796538704190924
2026-02-07,2026-02-07 09:00:00,2026-02-07 15:00:00,10,0.13145012885357052
2026-02-07,2026-02-07 10:00:00,2026-02-07 16:00:00,11,0.071118394037267
2026-02-07,2026-02-07 11:00:00,2026-02-07 17:00:00,12,0.03775839823049141
2026-02-07,2026-02-07 12:00:00,2026-02-07 18:00:00,13,0.04080669139955199
2026-02-07,2026-02-07 13:00:00,2026-02-07 19:00:00,14,0.13866665212568471
2026-02-07,2026-02-07 14:00:00,2026-02-07 20:00:00,15,0.367607468200479
2026-02-07,2026-02-07 15:00:00,2026-02-07 21:00:00,16,0.6270810416266526
2026-02-07,2026-02-07 16:00:00,2026-02-07 22:00:00,17,0.6217949308348761
2026-02-07,2026-02-07 17:00:00,2026-02-07 23:00:00,18,0.6736470786918675
2026-02-07,2026-02-07 18:00:00,2026-02-08 00:00:00,19,0.6849041932059721
2026-02-07,2026-02-07 19:00:00,2026-02-08 01:00:00,20,0.7006171804736838
2026-02-07,2026-02-07 20:00:00,2026-02-08 02:00:00,21,0.7821910157704789
2026-02-07,2026-02-07 21:00:00,2026-02-08 03:00:00,22,0.7973509133095558
2026-02-07,2026-02-07 22:00:00,2026-02-08 04:00:00,23,0.7477368344684293
2026-02-07,2026-02-07 23:00:00,2026-02-08 05:00:00,24,0.6698434475377854
2026-02-07,2026-02-08 00:00:00,2026-02-08 06:00:00,25,0.6056005712533677
2026-02-07,2026-02-08 01:00:00,2026-02-08 07:00:00,26,0.4471533366645838
2026-02-07,2026-02-08 02:00:00,2026-02-08 08:00:00,27,0.3475927845656679
2026-02-07,2026-02-08 03:00:00,2026-02-08 09:00:00,28,0.21335910035398034
2026-02-07,2026-02-08 04:00:00,2026-02-08 10:00:00,29,0.18857272354104634
2026-02-07,2026-02-08 05:00:00,2026-02-08 11:00:00,30,0.05773281613556404
2026-02-07,2026-02-08 06:00:00,2026-02-08 12:00:00,31,0.020290817968361248
2026-02-07,2026-02-08 07:00:00,2026-02-08 13:00:00,32,0.01543226458599532
2026-02-07,2026-02-08 08:00:00,2026-02-08 14:00:00,33,0.03606914293987673
2026-02-07,2026-02-08 09:00:00,2026-02-08 15:00:00,34,0.13343491560155366
2026-02-07,2026-02-08 10:00:00,2026-02-08 16:00:00,35,0.7676763263977721
2026-02-07,2026-02-08 11:00:00,2026-02-08 17:00:00,36,0.9791394702662515
2026-02-07,2026-02-08 12:00:00,2026-02-08 18:00:00,37,0.9799314560698047
2026-02-07,2026-02-08 13:00:00,2026-02-08 19:00:00,38,0.9831382224020269
2026-02-07,2026-02-08 14:00:00,2026-02-08 20:00:00,39,0.9843165366398177
2026-02-07,2026-02-08 15:00:00,2026-02-08 21:00:00,40,0.9876683450562658
2026-02-07,2026-02-08 16:00:00,2026-02-08 22:00:00,41,0.9871856122356086
2026-02-07,2026-02-08 17:00:00,2026-02-08 23:00:00,42,0.9834909763969919
2026-02-07,2026-02-08 18:00:00,2026-02-09 00:00:00,43,0.9850176963500686
2026-02-07,2026-02-08 19:00:00,2026-02-09 01:00:00,44,0.9861267609193934
2026-02-07,2026-02-08 20:00:00,2026-02-09 02:00:00,45,0.9866299395774647
2026-02-07,2026-02-08 21:00:00,2026-02-09 03:00:00,46,0.9876266135044236
2026-02-07,2026-02-08 22:00:00,2026-02-09 04:00:00,47,0.9873320854003396
2026-02-07,2026-02-08 23:00:00,2026-02-09 05:00:00,48,0.9861854865705536
2026-02-08,2026-02-08 00:00:00,2026-02-08 06:00:00,1,0.5819198428853934
2026-02-08,2026-02-08 01:00:00,2026-02-08 07:00:00,2,0.38589187990594104
2026-02-08,2026-02-08 02:00:00,2026-02-08 08:00:00,3,0.22415246190065533
2026-02-08,2026-02-08 03:00:00,2026-02-08 09:00:00,4,0.1670554781896453
2026-02-08,2026-02-08 04:00:00,2026-02-08 10:00:00,5,0.09987390632080317
2026-02-08,2026-02-08 05:00:00,2026-02-08 11:00:00,6,0.060548580791070235
2026-02-08,2026-02-08 06:00:00,2026-02-08 12:00:00,7,0.014098577820367896
2026-02-08,2026-02-08 07:00:00,2026-02-08 13:00:00,8,0.01542947682746428
2026-02-08,2026-02-08 08:00:00,2026-02-08 14:00:00,9,0.05133634969603383
2026-02-08,2026-02-08 09:00:00,2026-02-08 15:00:00,10,0.2859049510978615
2026-02-08,2026-02-08 10:00:00,2026-02-08 16:00:00,11,0.801907570604114
2026-02-08,2026-02-08 11:00:00,2026-02-08 17:00:00,12,0.989232053356496
2026-02-08,2026-02-08 12:00:00,2026-02-08 18:00:00,13,0.9872225041244674
2026-02-08,2026-02-08 13:00:00,2026-02-08 19:00:00,14,0.9902955911863921
2026-02-08,2026-02-08 14:00:00,2026-02-08 20:00:00,15,0.9844980394592628
2026-02-08,2026-02-08 15:00:00,2026-02-08 21:00:00,16,0.985056578321396
2026-02-08,2026-02-08 16:00:00,2026-02-08 22:00:00,17,0.9873563511404471
2026-02-08,2026-02-08 17:00:00,2026-02-08 23:00:00,18,0.9824168669501516
2026-02-08,2026-02-08 18:00:00,2026-02-09 00:00:00,19,0.9807397159892194
2026-02-08,2026-02-08 19:00:00,2026-02-09 01:00:00,20,0.9821220581010216
2026-02-08,2026-02-08 20:00:00,2026-02-09 02:00:00,21,0.9819607857809927
2026-02-08,2026-02-08 21:00:00,2026-02-09 03:00:00,22,0.9840191212731003
2026-02-08,2026-02-08 22:00:00,2026-02-09 04:00:00,23,0.9875051501719473
2026-02-08,2026-02-08 23:00:00,2026-02-09 05:00:00,24,0.9879164887915255
2026-02-08,2026-02-09 00:00:00,2026-02-09 06:00:00,25,0.9869211377378386
2026-02-08,2026-02-09 01:00:00,2026-02-09 07:00:00,26,0.9843322445428644
2026-02-08,2026-02-09 02:00:00,2026-02-09 08:00:00,27,0.9785991232635041
2026-02-08,2026-02-09 03:00:00,2026-02-09 09:00:00,28,0.9778870571556441
2026-02-08,2026-02-09 04:00:00,2026-02-09 10:00:00,29,0.9718150016951526
2026-02-08,2026-02-09 05:00:00,2026-02-09 11:00:00,30,0.9740803790471151
2026-02-08,2026-02-09 06:00:00,2026-02-09 12:00:00,31,0.97142959652199
2026-02-08,2026-02-09 07:00:00,2026-02-09 13:00:00,32,0.9699461138413122
2026-02-08,2026-02-09 08:00:00,2026-02-09 14:00:00,33,0.9682065446592185
2026-02-08,2026-02-09 09:00:00,2026-02-09 15:00:00,34,0.9746320006033717
2026-02-08,2026-02-09 10:00:00,2026-02-09 16:00:00,35,0.9777744667175787
2026-02-08,2026-02-09 11:00:00,2026-02-09 17:00:00,36,0.9570458367552044
2026-02-08,2026-02-09 12:00:00,2026-02-09 18:00:00,37,0.7202755630352088
2026-02-08,2026-02-09 13:00:00,2026-02-09 19:00:00,38,0.6531159700957215
2026-02-08,2026-02-09 14:00:00,2026-02-09 20:00:00,39,0.614962698610743
2026-02-08,2026-02-09 15:00:00,2026-02-09 21:00:00,40,0.5848198309106296
2026-02-08,2026-02-09 16:00:00,2026-02-09 22:00:00,41,0.4055060789049751
2026-02-08,2026-02-09 17:00:00,2026-02-09 23:00:00,42,0.3561534414348685
2026-02-08,2026-02-09 18:00:00,2026-02-10 00:00:00,43,0.3417490857761213
2026-02-08,2026-02-09 19:00:00,2026-02-10 01:00:00,44,0.381797297515174
2026-02-08,2026-02-09 20:00:00,2026-02-10 02:00:00,45,0.3891194075896063
2026-02-08,2026-02-09 21:00:00,2026-02-10 03:00:00,46,0.2665812778233432
2026-02-08,2026-02-09 22:00:00,2026-02-10 04:00:00,47,0.2311496902996031
2026-02-08,2026-02-09 23:00:00,2026-02-10 05:00:00,48,0.1868231560499695
2026-02-09,2026-02-09 00:00:00,2026-02-09 06:00:00,1,0.9869556766121858
2026-02-09,2026-02-09 01:00:00,2026-02-09 07:00:00,2,0.9861591722238676
2026-02-09,2026-02-09 02:00:00,2026-02-09 08:00:00,3,0.9856632331181618
2026-02-09,2026-02-09 03:00:00,2026-02-09 09:00:00,4,0.9828512794961572
2026-02-09,2026-02-09 04:00:00,2026-02-09 10:00:00,5,0.9802595033991246
2026-02-09,2026-02-09 05:00:00,2026-02-09 11:00:00,6,0.9774483485611405
2026-02-09,2026-02-09 06:00:00,2026-02-09 12:00:00,7,0.9811752528364506
2026-02-09,2026-02-09 07:00:00,2026-02-09 13:00:00,8,0.9726493578579881
2026-02-09,2026-02-09 08:00:00,2026-02-09 14:00:00,9,0.9720009279310919
2026-02-09,2026-02-09 09:00:00,2026-02-09 15:00:00,10,0.9784218928749793
2026-02-09,2026-02-09 10:00:00,2026-02-09 16:00:00,11,0.9830652359688755
2026-02-09,2026-02-09 11:00:00,2026-02-09 17:00:00,12,0.9534274621111605
2026-02-09,2026-02-09 12:00:00,2026-02-09 18:00:00,13,0.7530111441966117
2026-02-09,2026-02-09 13:00:00,2026-02-09 19:00:00,14,0.5323270440552157
2026-02-09,2026-02-09 14:00:00,2026-02-09 20:00:00,15,0.5547324060652182
2026-02-09,2026-02-09 15:00:00,2026-02-09 21:00:00,16,0.4995930497643683
2026-02-09,2026-02-09 16:00:00,2026-02-09 22:00:00,17,0.32468950364354554
2026-02-09,2026-02-09 17:00:00,2026-02-09 23:00:00,18,0.12509670496785094
2026-02-09,2026-02-09 18:00:00,2026-02-10 00:00:00,19,0.09381523992113525
2026-02-09,2026-02-09 19:00:00,2026-02-10 01:00:00,20,0.09454161459203594
2026-02-09,2026-02-09 20:00:00,2026-02-10 02:00:00,21,0.08105352754864725
2026-02-09,2026-02-09 21:00:00,2026-02-10 03:00:00,22,0.12026117038334061
2026-02-09,2026-02-09 22:00:00,2026-02-10 04:00:00,23,0.1457855370065125
2026-02-09,2026-02-09 23:00:00,2026-02-10 05:00:00,24,0.1295630940789613
2026-02-09,2026-02-10 00:00:00,2026-02-10 06:00:00,25,0.0873205864996597
2026-02-09,2026-02-10 01:00:00,2026-02-10 07:00:00,26,0.029355939599380897
2026-02-09,2026-02-10 02:00:00,2026-02-10 08:00:00,27,0.04106415821638105
2026-02-09,2026-02-10 03:00:00,2026-02-10 09:00:00,28,0.0590416419629724
2026-02-09,2026-02-10 04:00:00,2026-02-10 10:00:00,29,0.08072073136567438
2026-02-09,2026-02-10 05:00:00,2026-02-10 11:00:00,30,0.106736774953682
2026-02-09,2026-02-10 06:00:00,2026-02-10 12:00:00,31,0.13709741753579316
2026-02-09,2026-02-10 07:00:00,2026-02-10 13:00:00,32,0.18099594429982344
2026-02-09,2026-02-10 08:00:00,2026-02-10 14:00:00,33,0.197370751778799
2026-02-09,2026-02-10 09:00:00,2026-02-10 15:00:00,34,0.14931024979469806
2026-02-09,2026-02-10 10:00:00,2026-02-10 16:00:00,35,0.10129226552725379
2026-02-09,2026-02-10 11:00:00,2026-02-10 17:00:00,36,0.03950763737766837
2026-02-09,2026-02-10 12:00:00,2026-02-10 18:00:00,37,0.03995081769750352
2026-02-09,2026-02-10 13:00:00,2026-02-10 19:00:00,38,0.1320868670238615
2026-02-09,2026-02-10 14:00:00,2026-02-10 20:00:00,39,0.39695345841771706
2026-02-09,2026-02-10 15:00:00,2026-02-10 21:00:00,40,0.7280422868424518
2026-02-09,2026-02-10 16:00:00,2026-02-10 22:00:00,41,0.7610201267051844
2026-02-09,2026-02-10 17:00:00,2026-02-10 23:00:00,42,0.7642494570807046
2026-02-09,2026-02-10 18:00:00,2026-02-11 00:00:00,43,0.8345060413125329
2026-02-09,2026-02-10 19:00:00,2026-02-11 01:00:00,44,0.9566806715147659
2026-02-09,2026-02-10 20:00:00,2026-02-11 02:00:00,45,0.9753888253574745
2026-02-09,2026-02-10 21:00:00,2026-02-11 03:00:00,46,0.8605533429995261
2026-02-09,2026-02-10 22:00:00,2026-02-11 04:00:00,47,0.6725572979661609
2026-02-09,2026-02-10 23:00:00,2026-02-11 05:00:00,48,0.35366556284635875
2026-02-10,2026-02-10 00:00:00,2026-02-10 06:00:00,1,0.03379358214900809
2026-02-10,2026-02-10 01:00:00,2026-02-10 07:00:00,2,0.016948429316208706
2026-02-10,2026-02-10 02:00:00,2026-02-10 08:00:00,3,0.06644688011069308
2026-02-10,2026-02-10 03:00:00,2026-02-10 09:00:00,4,0.12323315939841875
2026-02-10,2026-02-10 04:00:00,2026-02-10 10:00:00,5,0.19561247041530036
2026-02-10,2026-02-10 05:00:00,2026-02-10 11:00:00,6,0.22052267937256917
2026-02-10,2026-02-10 06:00:00,2026-02-10 12:00:00,7,0.1967016048567475
2026-02-10,2026-02-10 07:00:00,2026-02-10 13:00:00,8,0.1524762861413355
2026-02-10,2026-02-10 08:00:00,2026-02-10 14:00:00,9,0.06685353080900472
2026-02-10,2026-02-10 09:00:00,2026-02-10 15:00:00,10,0.06635157809861876
2026-02-10,2026-02-10 10:00:00,2026-02-10 16:00:00,11,0.07838979096685816
2026-02-10,2026-02-10 11:00:00,2026-02-10 17:00:00,12,0.04812679209526703
2026-02-10,2026-02-10 12:00:00,2026-02-10 18:00:00,13,0.03855136334004664
2026-02-10,2026-02-10 13:00:00,2026-02-10 19:00:00,14,0.13002534247200834
2026-02-10,2026-02-10 14:00:00,2026-02-10 20:00:00,15,0.5924657002086763
2026-02-10,2026-02-10 15:00:00,2026-02-10 21:00:00,16,0.7627154747350234
2026-02-10,2026-02-10 16:00:00,2026-02-10 22:00:00,17,0.829488959821727
2026-02-10,2026-02-10 17:00:00,2026-02-10 23:00:00,18,0.906677306187523
2026-02-10,2026-02-10 18:00:00,2026-02-11 00:00:00,19,0.9382584778405103
2026-02-10,2026-02-10 19:00:00,2026-02-11 01:00:00,20,0.9630114940295362
2026-02-10,2026-02-10 20:00:00,2026-02-11 02:00:00,21,0.9732094169766393
2026-02-10,2026-02-10 21:00:00,2026-02-11 03:00:00,22,0.9068039274665037
2026-02-10,2026-02-10 22:00:00,2026-02-11 04:00:00,23,0.7810464884730879
2026-02-10,2026-02-10 23:00:00,2026-02-11 05:00:00,24,0.5921553408360976
2026-02-10,2026-02-11 00:00:00,2026-02-11 06:00:00,25,0.27461367087717437
2026-02-10,2026-02-11 01:00:00,2026-02-11 07:00:00,26,0.08690503021015562
2026-02-10,2026-02-11 02:00:00,2026-02-11 08:00:00,27,0.04352818628652911
2026-02-10,2026-02-11 03:00:00,2026-02-11 09:00:00,28,0.03583180431957974
2026-02-10,2026-02-11 04:00:00,2026-02-11 10:00:00,29,0.0576685448570141
2026-02-10,2026-02-11 05:00:00,2026-02-11 11:00:00,30,0.08518898259291265
2026-02-10,2026-02-11 06:00:00,2026-02-11 12:00:00,31,0.09654915664194594
2026-02-10,2026-02-11 07:00:00,2026-02-11 13:00:00,32,0.15144704259933237
2026-02-10,2026-02-11 08:00:00,2026-02-11 14:00:00,33,0.15984304444276545
2026-02-10,2026-02-11 09:00:00,2026-02-11 15:00:00,34,0.24544992686630743
2026-02-10,2026-02-11 10:00:00,2026-02-11 16:00:00,35,0.5803821774946889
2026-02-10,2026-02-11 11:00:00,2026-02-11 17:00:00,36,0.8200321066186262
2026-02-10,2026-02-11 12:00:00,2026-02-11 18:00:00,37,0.9458779990014495
2026-02-10,2026-02-11 13:00:00,2026-02-11 19:00:00,38,0.9639850606192261
2026-02-10,2026-02-11 14:00:00,2026-02-11 20:00:00,39,0.9718552896721271
2026-02-10,2026-02-11 15:00:00,2026-02-11 21:00:00,40,0.9824652023049315
2026-02-10,2026-02-11 16:00:00,2026-02-11 22:00:00,41,0.6936242068936251
2026-02-10,2026-02-11 17:00:00,2026-02-11 23:00:00,42,0.6655129544295861
2026-02-10,2026-02-11 18:00:00,2026-02-12 00:00:00,43,0.6899460328256979
2026-02-10,2026-02-11 19:00:00,2026-02-12 01:00:00,44,0.6410204862220016
2026-02-10,2026-02-11 20:00:00,2026-02-12 02:00:00,45,0.5390242811512816
2026-02-10,2026-02-11 21:00:00,2026-02-12 03:00:00,46,0.4576580999625024
2026-02-10,2026-02-11 22:00:00,2026-02-12 04:00:00,47,0.4557171083129067
2026-02-10,2026-02-11 23:00:00,2026-02-12 05:00:00,48,0.406208142601621
2026-02-11,2026-02-11 00:00:00,2026-02-11 06:00:00,1,0.16957557408208326
2026-02-11,2026-02-11 01:00:00,2026-02-11 07:00:00,2,0.04396675725935842
2026-02-11,2026-02-11 02:00:00,2026-02-11 08:00:00,3,0.02386963059651949
2026-02-11,2026-02-11 03:00:00,2026-02-11 09:00:00,4,0.04705274023433447
2026-02-11,2026-02-11 04:00:00,2026-02-11 10:00:00,5,0.05032290821693998
2026-02-11,2026-02-11 05:00:00,2026-02-11 11:00:00,6,0.0862853459296374
2026-02-11,2026-02-11 06:00:00,2026-02-11 12:00:00,7,0.18286441084011404
2026-02-11,2026-02-11 07:00:00,2026-02-11 13:00:00,8,0.15647285806350983
2026-02-11,2026-02-11 08:00:00,2026-02-11 14:00:00,9,0.12584001826407634
2026-02-11,2026-02-11 09:00:00,2026-02-11 15:00:00,10,0.12798692090491512
2026-02-11,2026-02-11 10:00:00,2026-02-11 16:00:00,11,0.437663993554117
2026-02-11,2026-02-11 11:00:00,2026-02-11 17:00:00,12,0.781379889845651
2026-02-11,2026-02-11 12:00:00,2026-02-11 18:00:00,13,0.8892466340647038
2026-02-11,2026-02-11 13:00:00,2026-02-11 19:00:00,14,0.9529213337385446
2026-02-11,2026-02-11 14:00:00,2026-02-11 20:00:00,15,0.970183228965042
2026-02-11,2026-02-11 15:00:00,2026-02-11 21:00:00,16,0.9512358410168918
2026-02-11,2026-02-11 16:00:00,2026-02-11 22:00:00,17,0.9678461381920715
2026-02-11,2026-02-11 17:00:00,2026-02-11 23:00:00,18,0.9433586067437644
2026-02-11,2026-02-11 18:00:00,2026-02-12 00:00:00,19,0.9165998462743115
2026-02-11,2026-02-11 19:00:00,2026-02-12 01:00:00,20,0.8577883782908774
2026-02-11,2026-02-11 20:00:00,2026-02-12 02:00:00,21,0.7897027172567681
2026-02-11,2026-02-11 21:00:00,2026-02-12 03:00:00,22,0.7082783298616147
2026-02-11,2026-02-11 22:00:00,2026-02-12 04:00:00,23,0.6840946685103421
2026-02-11,2026-02-11 23:00:00,2026-02-12 05:00:00,24,0.6763122533273238
2026-02-11,2026-02-12 00:00:00,2026-02-12 06:00:00,25,0.6011896301841488
2026-02-11,2026-02-12 01:00:00,2026-02-12 07:00:00,26,0.25108020140547416
2026-02-11,2026-02-12 02:00:00,2026-02-12 08:00:00,27,0.22215250823448282
2026-02-11,2026-02-12 03:00:00,2026-02-12 09:00:00,28,0.14889393511360863
2026-02-11,2026-02-12 04:00:00,2026-02-12 10:00:00,29,0.07217119287387265
2026-02-11,2026-02-12 05:00:00,2026-02-12 11:00:00,30,0.028737467630956817
2026-02-11,2026-02-12 06:00:00,2026-02-12 12:00:00,31,0.024467981188279905
2026-02-11,2026-02-12 07:00:00,2026-02-12 13:00:00,32,0.02527242632536699
2026-02-11,2026-02-12 08:00:00,2026-02-12 14:00:00,33,0.028319860957717248
2026-02-11,2026-02-12 09:00:00,2026-02-12 15:00:00,34,0.027542583358245484
2026-02-11,2026-02-12 10:00:00,2026-02-12 16:00:00,35,0.09631335789461574
2026-02-11,2026-02-12 11:00:00,2026-02-12 17:00:00,36,0.1454409133462772
2026-02-11,2026-02-12 12:00:00,2026-02-12 18:00:00,37,0.29094363279871555
2026-02-11,2026-02-12 13:00:00,2026-02-12 19:00:00,38,0.3617987957395714
2026-02-11,2026-02-12 14:00:00,2026-02-12 20:00:00,39,0.3648488026088397
2026-02-11,2026-02-12 15:00:00,2026-02-12 21:00:00,40,0.3384802062012093
2026-02-11,2026-02-12 16:00:00,2026-02-12 22:00:00,41,0.10659943762218341
2026-02-11,2026-02-12 17:00:00,2026-02-12 23:00:00,42,0.09632703955871355
2026-02-11,2026-02-12 18:00:00,2026-02-13 00:00:00,43,0.06266021284986625
2026-02-11,2026-02-12 19:00:00,2026-02-13 01:00:00,44,0.04328471242330744
2026-02-11,2026-02-12 20:00:00,2026-02-13 02:00:00,45,0.02537847662623079
2026-02-11,2026-02-12 21:00:00,2026-02-13 03:00:00,46,0.02706059425217023
2026-02-11,2026-02-12 22:00:00,2026-02-13 04:00:00,47,0.024874118110077642
2026-02-11,2026-02-12 23:00:00,2026-02-13 05:00:00,48,0.04286724869177723
2026-02-12,2026-02-12 00:00:00,2026-02-12 06:00:00,1,0.25382066882485665
2026-02-12,2026-02-12 01:00:00,2026-02-12 07:00:00,2,0.10234691864056153
2026-02-12,2026-02-12 02:00:00,2026-02-12 08:00:00,3,0.06039412074676318
2026-02-12,2026-02-12 03:00:00,2026-02-12 09:00:00,4,0.04103643011847983
2026-02-12,2026-02-12 04:00:00,2026-02-12 10:00:00,5,0.034172310358771066
2026-02-12,2026-02-12 05:00:00,2026-02-12 11:00:00,6,0.035918889265279565
2026-02-12,2026-02-12 06:00:00,2026-02-12 12:00:00,7,0.040352500963929075
2026-02-12,2026-02-12 07:00:00,2026-02-12 13:00:00,8,0.0528722071936175
2026-02-12,2026-02-12 08:00:00,2026-02-12 14:00:00,9,0.08007020255767215
2026-02-12,2026-02-12 09:00:00,2026-02-12 15:00:00,10,0.07270407103470741
2026-02-12,2026-02-12 10:00:00,2026-02-12 16:00:00,11,0.10040423829918378
2026-02-12,2026-02-12 11:00:00,2026-02-12 17:00:00,12,0.10557771782491884
2026-02-12,2026-02-12 12:00:00,2026-02-12 18:00:00,13,0.1422837825915653
2026-02-12,2026-02-12 13:00:00,2026-02-12 19:00:00,14,0.1986709897303696
2026-02-12,2026-02-12 14:00:00,2026-02-12 20:00:00,15,0.1890595562782926
2026-02-12,2026-02-12 15:00:00,2026-02-12 21:00:00,16,0.15791785335480282
2026-02-12,2026-02-12 16:00:00,2026-02-12 22:00:00,17,0.3112937532736763
2026-02-12,2026-02-12 17:00:00,2026-02-12 23:00:00,18,0.17318207998232152
2026-02-12,2026-02-12 18:00:00,2026-02-13 00:00:00,19,0.09572290331679474
2026-02-12,2026-02-12 19:00:00,2026-02-13 01:00:00,20,0.03129784051035364
2026-02-12,2026-02-12 20:00:00,2026-02-13 02:00:00,21,0.036064542706051465
2026-02-12,2026-02-12 21:00:00,2026-02-13 03:00:00,22,0.025640828646471
2026-02-12,2026-02-12 22:00:00,2026-02-13 04:00:00,23,0.03335824831867231
2026-02-12,2026-02-12 23:00:00,2026-02-13 05:00:00,24,0.016444732700642607
2026-02-12,2026-02-13 00:00:00,2026-02-13 06:00:00,25,0.03768994442672441
2026-02-12,2026-02-13 01:00:00,2026-02-13 07:00:00,26,0.039832635115429796
2026-02-12,2026-02-13 02:00:00,2026-02-13 08:00:00,27,0.031209914577039553
2026-02-12,2026-02-13 03:00:00,2026-02-13 09:00:00,28,0.039662669770970826
2026-02-12,2026-02-13 04:00:00,2026-02-13 10:00:00,29,0.031560906640199345
2026-02-12,2026-02-13 05:00:00,2026-02-13 11:00:00,30,0.025672982510789862
2026-02-12,2026-02-13 06:00:00,2026-02-13 12:00:00,31,0.02241957006969573
2026-02-12,2026-02-13 07:00:00,2026-02-13 13:00:00,32,0.024414115814024064
2026-02-12,2026-02-13 08:00:00,2026-02-13 14:00:00,33,0.02902680722416538
2026-02-12,2026-02-13 09:00:00,2026-02-13 15:00:00,34,0.029184090012079843
2026-02-12,2026-02-13 10:00:00,2026-02-13 16:00:00,35,0.03505698418205363
2026-02-12,2026-02-13 11:00:00,2026-02-13 17:00:00,36,0.02903596707124197
2026-02-12,2026-02-13 12:00:00,2026-02-13 18:00:00,37,0.04996639030876201
2026-02-12,2026-02-13 13:00:00,2026-02-13 19:00:00,38,0.10638647615246942
2026-02-12,2026-02-13 14:00:00,2026-02-13 20:00:00,39,0.1733593402103642
2026-02-12,2026-02-13 15:00:00,2026-02-13 21:00:00,40,0.23976914964179882
2026-02-12,2026-02-13 16:00:00,2026-02-13 22:00:00,41,0.1675104651305179
2026-02-12,2026-02-13 17:00:00,2026-02-13 23:00:00,42,0.38582492176139144
2026-02-12,2026-02-13 18:00:00,2026-02-14 00:00:00,43,0.46704322673033777
2026-02-12,2026-02-13 19:00:00,2026-02-14 01:00:00,44,0.6501808557589341
2026-02-12,2026-02-13 20:00:00,2026-02-14 02:00:00,45,0.7244062228260811
2026-02-12,2026-02-13 21:00:00,2026-02-14 03:00:00,46,0.7146828076465966
2026-02-12,2026-02-13 22:00:00,2026-02-14 04:00:00,47,0.6951236421805345
2026-02-12,2026-02-13 23:00:00,2026-02-14 05:00:00,48,0.29256581647429525
2026-02-13,2026-02-13 00:00:00,2026-02-13 06:00:00,1,0.030001389449018707
2026-02-13,2026-02-13 01:00:00,2026-02-13 07:00:00,2,0.03104450408378575
2026-02-13,2026-02-13 02:00:00,2026-02-13 08:00:00,3,0.030345272918618445
2026-02-13,2026-02-13 03:00:00,2026-02-13 09:00:00,4,0.0356037484755078
2026-02-13,2026-02-13 04:00:00,2026-02-13 10:00:00,5,0.0312766039387274
2026-02-13,2026-02-13 05:00:00,2026-02-13 11:00:00,6,0.021843005896015198
2026-02-13,2026-02-13 06:00:00,2026-02-13 12:00:00,7,0.021931460217933435
2026-02-13,2026-02-13 07:00:00,2026-02-13 13:00:00,8,0.021704478298389156
2026-02-13,2026-02-13 08:00:00,2026-02-13 14:00:00,9,0.025513852165831276
2026-02-13,2026-02-13 09:00:00,2026-02-13 15:00:00,10,0.029164205450744846
2026-02-13,2026-02-13 10:00:00,2026-02-13 16:00:00,11,0.03615050972169607
2026-02-13,2026-02-13 11:00:00,2026-02-13 17:00:00,12,0.039632145292091255
2026-02-13,2026-02-13 12:00:00,2026-02-13 18:00:00,13,0.05242453112648611
2026-02-13,2026-02-13 13:00:00,2026-02-13 19:00:00,14,0.10075419797844233
2026-02-13,2026-02-13 14:00:00,2026-02-13 20:00:00,15,0.2348508601489878
2026-02-13,2026-02-13 15:00:00,2026-02-13 21:00:00,16,0.5818698515424038
2026-02-13,2026-02-13 16:00:00,2026-02-13 22:00:00,17,0.4475324311489881
2026-02-13,2026-02-13 17:00:00,2026-02-13 23:00:00,18,0.5587205603385591
2026-02-13,2026-02-13 18:00:00,2026-02-14 00:00:00,19,0.6315163576490971
2026-02-13,2026-02-13 19:00:00,2026-02-14 01:00:00,20,0.6978695468957317
2026-02-13,2026-02-13 20:00:00,2026-02-14 02:00:00,21,0.7482660813093203
2026-02-13,2026-02-13 21:00:00,2026-02-14 03:00:00,22,0.8015128418420981
2026-02-13,2026-02-13 22:00:00,2026-02-14 04:00:00,23,0.7080020420145451
2026-02-13,2026-02-13 23:00:00,2026-02-14 05:00:00,24,0.5502392035251087
2026-02-13,2026-02-14 00:00:00,2026-02-14 06:00:00,25,0.23197949156854533
2026-02-13,2026-02-14 01:00:00,2026-02-14 07:00:00,26,0.055691763230938156
2026-02-13,2026-02-14 02:00:00,2026-02-14 08:00:00,27,0.011510391193932124
2026-02-13,2026-02-14 03:00:00,2026-02-14 09:00:00,28,0.047194425269500094
2026-02-13,2026-02-14 04:00:00,2026-02-14 10:00:00,29,0.023902421502323905
2026-02-13,2026-02-14 05:00:00,2026-02-14 11:00:00,30,0.022239908119774818
2026-02-13,2026-02-14 06:00:00,2026-02-14 12:00:00,31,0.0701774717353606
2026-02-13,2026-02-14 07:00:00,2026-02-14 13:00:00,32,0.0774173906058351
2026-02-13,2026-02-14 08:00:00,2026-02-14 14:00:00,33,0.10758143280151136
2026-02-13,2026-02-14 09:00:00,2026-02-14 15:00:00,34,0.16589116485668723
2026-02-13,2026-02-14 10:00:00,2026-02-14 16:00:00,35,0.18516708372553717
2026-02-13,2026-02-14 11:00:00,2026-02-14 17:00:00,36,0.15932342250932444
2026-02-13,2026-02-14 12:00:00,2026-02-14 18:00:00,37,0.15469797952734698
2026-02-13,2026-02-14 13:00:00,2026-02-14 19:00:00,38,0.13872838073907684
2026-02-13,2026-02-14 14:00:00,2026-02-14 20:00:00,39,0.1861039659097292
2026-02-13,2026-02-14 15:00:00,2026-02-14 21:00:00,40,0.19914241184280215
2026-02-13,2026-02-14 16:00:00,2026-02-14 22:00:00,41,0.14012953305154768
2026-02-13,2026-02-14 17:00:00,2026-02-14 23:00:00,42,0.06022104467363039
2026-02-13,2026-02-14 18:00:00,2026-02-15 00:00:00,43,0.0061231683189404
2026-02-13,2026-02-14 19:00:00,2026-02-15 01:00:00,44,0.01072928843688022
2026-02-13,2026-02-14 20:00:00,2026-02-15 02:00:00,45,0.009908831385607358
2026-02-13,2026-02-14 21:00:00,2026-02-15 03:00:00,46,0.010238772933185897
2026-02-13,2026-02-14 22:00:00,2026-02-15 04:00:00,47,0.03729058171349643
2026-02-13,2026-02-14 23:00:00,2026-02-15 05:00:00,48,0.02612997373742643
2026-02-14,2026-02-14 00:00:00,2026-02-14 06:00:00,1,0.48304705025918093
2026-02-14,2026-02-14 01:00:00,2026-02-14 07:00:00,2,0.1406807480153295
2026-02-14,2026-02-14 02:00:00,2026-02-14 08:00:00,3,0.061712761530312125
2026-02-14,2026-02-14 03:00:00,2026-02-14 09:00:00,4,0.037864417584735854
2026-02-14,2026-02-14 04:00:00,2026-02-14 10:00:00,5,0.01835494280635412
2026-02-14,2026-02-14 05:00:00,2026-02-14 11:00:00,6,0.029687807972153066
2026-02-14,2026-02-14 06:00:00,2026-02-14 12:00:00,7,0.05842059818153364
2026-02-14,2026-02-14 07:00:00,2026-02-14 13:00:00,8,0.014780536014751065
2026-02-14,2026-02-14 08:00:00,2026-02-14 14:00:00,9,0.0006588803208060756
2026-02-14,2026-02-14 09:00:00,2026-02-14 15:00:00,10,0.04188698803929586
2026-02-14,2026-02-14 10:00:00,2026-02-14 16:00:00,11,0.022302423550767492
2026-02-14,2026-02-14 11:00:00,2026-02-14 17:00:00,12,0.030358325988748148
2026-02-14,2026-02-14 12:00:00,2026-02-14 18:00:00,13,0.034762826289515894
2026-02-14,2026-02-14 13:00:00,2026-02-14 19:00:00,14,0.01718730854928541
2026-02-14,2026-02-14 14:00:00,2026-02-14 20:00:00,15,0.062077490311360894
2026-02-14,2026-02-14 15:00:00,2026-02-14 21:00:00,16,0.07772581844709142
2026-02-14,2026-02-14 16:00:00,2026-02-14 22:00:00,17,0.17011453729408524
2026-02-14,2026-02-14 17:00:00,2026-02-14 23:00:00,18,0.05577687778475164
2026-02-14,2026-02-14 18:00:00,2026-02-15 00:00:00,19,0.030358816061040527
2026-02-14,2026-02-14 19:00:00,2026-02-15 01:00:00,20,0.015947551058111024
2026-02-14,2026-02-14 20:00:00,2026-02-15 02:00:00,21,0.006178056946205131
2026-02-14,2026-02-14 21:00:00,2026-02-15 03:00:00,22,0.00833268089862495
2026-02-14,2026-02-14 22:00:00,2026-02-15 04:00:00,23,0.03378325570819363
2026-02-14,2026-02-14 23:00:00,2026-02-15 05:00:00,24,0.0484349297968455
2026-02-14,2026-02-15 00:00:00,2026-02-15 06:00:00,25,0.11705611387379379
2026-02-14,2026-02-15 01:00:00,2026-02-15 07:00:00,26,0.10784265566132155
2026-02-14,2026-02-15 02:00:00,2026-02-15 08:00:00,27,0.16995057916267473
2026-02-14,2026-02-15 03:00:00,2026-02-15 09:00:00,28,0.2570304955673337
2026-02-14,2026-02-15 04:00:00,2026-02-15 10:00:00,29,0.4316187815553885
2026-02-14,2026-02-15 05:00:00,2026-02-15 11:00:00,30,0.7290365020085875
2026-02-14,2026-02-15 06:00:00,2026-02-15 12:00:00,31,0.9133437036418004
2026-02-14,2026-02-15 07:00:00,2026-02-15 13:00:00,32,0.9567310383238689
2026-02-14,2026-02-15 08:00:00,2026-02-15 14:00:00,33,0.9528907556979751
2026-02-14,2026-02-15 09:00:00,2026-02-15 15:00:00,34,0.9777684017629238
2026-02-14,2026-02-15 10:00:00,2026-02-15 16:00:00,35,0.985108791593643
2026-02-14,2026-02-15 11:00:00,2026-02-15 17:00:00,36,0.9987364963489755
2026-02-14,2026-02-15 12:00:00,2026-02-15 18:00:00,37,0.9745377773013778
2026-02-14,2026-02-15 13:00:00,2026-02-15 19:00:00,38,0.9823568107582319
2026-02-14,2026-02-15 14:00:00,2026-02-15 20:00:00,39,0.9903282406115606
2026-02-14,2026-02-15 15:00:00,2026-02-15 21:00:00,40,0.9565707854851064
2026-02-14,2026-02-15 16:00:00,2026-02-15 22:00:00,41,0.7516231618212021
2026-02-14,2026-02-15 17:00:00,2026-02-15 23:00:00,42,0.7179845643163724
2026-02-14,2026-02-15 18:00:00,2026-02-16 00:00:00,43,0.7413495577453832
2026-02-14,2026-02-15 19:00:00,2026-02-16 01:00:00,44,0.7523163195617757
2026-02-14,2026-02-15 20:00:00,2026-02-16 02:00:00,45,0.7247382218180995
2026-02-14,2026-02-15 21:00:00,2026-02-16 03:00:00,46,0.7782284894307141
2026-02-14,2026-02-15 22:00:00,2026-02-16 04:00:00,47,0.7945975558808328
2026-02-14,2026-02-15 23:00:00,2026-02-16 05:00:00,48,0.7671880280764231
2026-02-15,2026-02-15 00:00:00,2026-02-15 06:00:00,1,0.10283847104763458
2026-02-15,2026-02-15 01:00:00,2026-02-15 07:00:00,2,0.08915769031936961
2026-02-15,2026-02-15 02:00:00,2026-02-15 08:00:00,3,0.18550932648532062
2026-02-15,2026-02-15 03:00:00,2026-02-15 09:00:00,4,0.48987018126048043
2026-02-15,2026-02-15 04:00:00,2026-02-15 10:00:00,5,0.8315755979775874
2026-02-15,2026-02-15 05:00:00,2026-02-15 11:00:00,6,0.9503901200559628
2026-02-15,2026-02-15 06:00:00,2026-02-15 12:00:00,7,0.955996881276307
2026-02-15,2026-02-15 07:00:00,2026-02-15 13:00:00,8,0.955706621846582
2026-02-15,2026-02-15 08:00:00,2026-02-15 14:00:00,9,0.9535063581198027
2026-02-15,2026-02-15 09:00:00,2026-02-15 15:00:00,10,0.9634846970033788
2026-02-15,2026-02-15 10:00:00,2026-02-15 16:00:00,11,0.9706019624292606
2026-02-15,2026-02-15 11:00:00,2026-02-15 17:00:00,12,0.9456186225209108
2026-02-15,2026-02-15 12:00:00,2026-02-15 18:00:00,13,0.8836817237215001
2026-02-15,2026-02-15 13:00:00,2026-02-15 19:00:00,14,0.8606451393682042
2026-02-15,2026-02-15 14:00:00,2026-02-15 20:00:00,15,0.8709812163981845
2026-02-15,2026-02-15 15:00:00,2026-02-15 21:00:00,16,0.796649004741824
2026-02-15,2026-02-15 16:00:00,2026-02-15 22:00:00,17,0.78982723991023
2026-02-15,2026-02-15 17:00:00,2026-02-15 23:00:00,18,0.6573867900911179
2026-02-15,2026-02-15 18:00:00,2026-02-16 00:00:00,19,0.6290829953075957
2026-02-15,2026-02-15 19:00:00,2026-02-16 01:00:00,20,0.6559263798102032
2026-02-15,2026-02-15 20:00:00,2026-02-16 02:00:00,21,0.7239006384783486
2026-02-15,2026-02-15 21:00:00,2026-02-16 03:00:00,22,0.6878626569371415
2026-02-15,2026-02-15 22:00:00,2026-02-16 04:00:00,23,0.6165542196408623
2026-02-15,2026-02-15 23:00:00,2026-02-16 05:00:00,24,0.5814764007955449
2026-02-15,2026-02-16 00:00:00,2026-02-16 06:00:00,25,0.5169312322374694
2026-02-15,2026-02-16 01:00:00,2026-02-16 07:00:00,26,0.4880163022733476
2026-02-15,2026-02-16 02:00:00,2026-02-16 08:00:00,27,0.47405416210617396
2026-02-15,2026-02-16 03:00:00,2026-02-16 09:00:00,28,0.4262319038771141
2026-02-15,2026-02-16 04:00:00,2026-02-16 10:00:00,29,0.3449415028471209
2026-02-15,2026-02-16 05:00:00,2026-02-16 11:00:00,30,0.3753626017708036
2026-02-15,2026-02-16 06:00:00,2026-02-16 12:00:00,31,0.4639593406720933
2026-02-15,2026-02-16 07:00:00,2026-02-16 13:00:00,32,0.4633346825578258
2026-02-15,2026-02-16 08:00:00,2026-02-16 14:00:00,33,0.42948048179125664
2026-02-15,2026-02-16 09:00:00,2026-02-16 15:00:00,34,0.495681959753239
2026-02-15,2026-02-16 10:00:00,2026-02-16 16:00:00,35,0.7100139486114448
2026-02-15,2026-02-16 11:00:00,2026-02-16 17:00:00,36,0.8660186827225833
2026-02-15,2026-02-16 12:00:00,2026-02-16 18:00:00,37,0.8787211280081539
2026-02-15,2026-02-16 13:00:00,2026-02-16 19:00:00,38,0.9440246414462077
2026-02-15,2026-02-16 14:00:00,2026-02-16 20:00:00,39,0.920452113020384
2026-02-15,2026-02-16 15:00:00,2026-02-16 21:00:00,40,0.8710342991726324
2026-02-15,2026-02-16 16:00:00,2026-02-16 22:00:00,41,0.7989348470607001
2026-02-15,2026-02-16 17:00:00,2026-02-16 23:00:00,42,0.7612088119725642
2026-02-15,2026-02-16 18:00:00,2026-02-17 00:00:00,43,0.7214300467800623
2026-02-15,2026-02-16 19:00:00,2026-02-17 01:00:00,44,0.5737335776325537
2026-02-15,2026-02-16 20:00:00,2026-02-17 02:00:00,45,0.5760128994728905
2026-02-15,2026-02-16 21:00:00,2026-02-17 03:00:00,46,0.6105367329034904
2026-02-15,2026-02-16 22:00:00,2026-02-17 04:00:00,47,0.5358433925835586
2026-02-15,2026-02-16 23:00:00,2026-02-17 05:00:00,48,0.41232020103459804
2026-02-16,2026-02-16 00:00:00,2026-02-16 06:00:00,1,0.4625892202162451
2026-02-16,2026-02-16 01:00:00,2026-02-16 07:00:00,2,0.4010873238515567
2026-02-16,2026-02-16 02:00:00,2026-02-16 08:00:00,3,0.41543829085714423
2026-02-16,2026-02-16 03:00:00,2026-02-16 09:00:00,4,0.45886676385335057
2026-02-16,2026-02-16 04:00:00,2026-02-16 10:00:00,5,0.5505180274620869
2026-02-16,2026-02-16 05:00:00,2026-02-16 11:00:00,6,0.6452315908555232
2026-02-16,2026-02-16 06:00:00,2026-02-16 12:00:00,7,0.6830273228228791
2026-02-16,2026-02-16 07:00:00,2026-02-16 13:00:00,8,0.7386973393982982
2026-02-16,2026-02-16 08:00:00,2026-02-16 14:00:00,9,0.7380564414751394
2026-02-16,2026-02-16 09:00:00,2026-02-16 15:00:00,10,0.7699545224829597
2026-02-16,2026-02-16 10:00:00,2026-02-16 16:00:00,11,0.807945622693175
2026-02-16,2026-02-16 11:00:00,2026-02-16 17:00:00,12,0.5958327066605378
2026-02-16,2026-02-16 12:00:00,2026-02-16 18:00:00,13,0.4382328340228291
2026-02-16,2026-02-16 13:00:00,2026-02-16 19:00:00,14,0.5288381713385348
2026-02-16,2026-02-16 14:00:00,2026-02-16 20:00:00,15,0.5723538948689333
2026-02-16,2026-02-16 15:00:00,2026-02-16 21:00:00,16,0.5793647330250771
2026-02-16,2026-02-16 16:00:00,2026-02-16 22:00:00,17,0.8081592162933865
2026-02-16,2026-02-16 17:00:00,2026-02-16 23:00:00,18,0.6794285175747898
2026-02-16,2026-02-16 18:00:00,2026-02-17 00:00:00,19,0.6552351513153917
2026-02-16,2026-02-16 19:00:00,2026-02-17 01:00:00,20,0.6802803342165685
2026-02-16,2026-02-16 20:00:00,2026-02-17 02:00:00,21,0.6790627601893761
2026-02-16,2026-02-16 21:00:00,2026-02-17 03:00:00,22,0.5952360251290968
2026-02-16,2026-02-16 22:00:00,2026-02-17 04:00:00,23,0.5590549955594178
2026-02-16,2026-02-16 23:00:00,2026-02-17 05:00:00,24,0.4237283075862355
2026-02-16,2026-02-17 00:00:00,2026-02-17 06:00:00,25,0.2830106434085543
2026-02-16,2026-02-17 01:00:00,2026-02-17 07:00:00,26,0.18647609459162087
2026-02-16,2026-02-17 02:00:00,2026-02-17 08:00:00,27,0.11107092390172987
2026-02-16,2026-02-17 03:00:00,2026-02-17 09:00:00,28,0.082224850920653
2026-02-16,2026-02-17 04:00:00,2026-02-17 10:00:00,29,0.07706100761449788
2026-02-16,2026-02-17 05:00:00,2026-02-17 11:00:00,30,0.08518683136087249
2026-02-16,2026-02-17 06:00:00,2026-02-17 12:00:00,31,0.15557493617201537
2026-02-16,2026-02-17 07:00:00,2026-02-17 13:00:00,32,0.175222061107258
2026-02-16,2026-02-17 08:00:00,2026-02-17 14:00:00,33,0.19080756463138457
2026-02-16,2026-02-17 09:00:00,2026-02-17 15:00:00,34,0.20895787791800777
2026-02-16,2026-02-17 10:00:00,2026-02-17 16:00:00,35,0.24260041943933627
2026-02-16,2026-02-17 11:00:00,2026-02-17 17:00:00,36,0.40519996142185993
2026-02-16,2026-02-17 12:00:00,2026-02-17 18:00:00,37,0.5380382616850758
2026-02-16,2026-02-17 13:00:00,2026-02-17 19:00:00,38,0.678113539538151
2026-02-16,2026-02-17 14:00:00,2026-02-17 20:00:00,39,0.7806178037737879
2026-02-16,2026-02-17 15:00:00,2026-02-17 21:00:00,40,0.8773822671477615
2026-02-16,2026-02-17 16:00:00,2026-02-17 22:00:00,41,0.5229376974328118
2026-02-16,2026-02-17 17:00:00,2026-02-17 23:00:00,42,0.5436998404559817
2026-02-16,2026-02-17 18:00:00,2026-02-18 00:00:00,43,0.45389577192675007
2026-02-16,2026-02-17 19:00:00,2026-02-18 01:00:00,44,0.6947132182767727
2026-02-16,2026-02-17 20:00:00,2026-02-18 02:00:00,45,0.6894347896645022
2026-02-16,2026-02-17 21:00:00,2026-02-18 03:00:00,46,0.7615906065977818
2026-02-16,2026-02-17 22:00:00,2026-02-18 04:00:00,47,0.7805466953718658
2026-02-16,2026-02-17 23:00:00,2026-02-18 05:00:00,48,0.6613890379549983
2026-02-17,2026-02-17 00:00:00,2026-02-17 06:00:00,1,0.13482231977472295
2026-02-17,2026-02-17 01:00:00,2026-02-17 07:00:00,2,0.09838137152893613
2026-02-17,2026-02-17 02:00:00,2026-02-17 08:00:00,3,0.08291067432019816
2026-02-17,2026-02-17 03:00:00,2026-02-17 09:00:00,4,0.13656628725525968
2026-02-17,2026-02-17 04:00:00,2026-02-17 10:00:00,5,0.17801098915192634
2026-02-17,2026-02-17 05:00:00,2026-02-17 11:00:00,6,0.09983775583988469
2026-02-17,2026-02-17 06:00:00,2026-02-17 12:00:00,7,0.1136070229257056
2026-02-17,2026-02-17 07:00:00,2026-02-17 13:00:00,8,0.13389722342720786
2026-02-17,2026-02-17 08:00:00,2026-02-17 14:00:00,9,0.1874773349082007
2026-02-17,2026-02-17 09:00:00,2026-02-17 15:00:00,10,0.23255876803633754
2026-02-17,2026-02-17 10:00:00,2026-02-17 16:00:00,11,0.30573775749141824
2026-02-17,2026-02-17 11:00:00,2026-02-17 17:00:00,12,0.4218319732539511
2026-02-17,2026-02-17 12:00:00,2026-02-17 18:00:00,13,0.5595854329689253
2026-02-17,2026-02-17 13:00:00,2026-02-17 19:00:00,14,0.7949790657920387
2026-02-17,2026-02-17 14:00:00,2026-02-17 20:00:00,15,0.8728223894068207
2026-02-17,2026-02-17 15:00:00,2026-02-17 21:00:00,16,0.9183292906600817
2026-02-17,2026-02-17 16:00:00,2026-02-17 22:00:00,17,0.8705130799852151
2026-02-17,2026-02-17 17:00:00,2026-02-17 23:00:00,18,0.8673099255462816
2026-02-17,2026-02-17 18:00:00,2026-02-18 00:00:00,19,0.8450892902888605
2026-02-17,2026-02-17 19:00:00,2026-02-18 01:00:00,20,0.8634234201617416
2026-02-17,2026-02-17 20:00:00,2026-02-18 02:00:00,21,0.8470229300027372
2026-02-17,2026-02-17 21:00:00,2026-02-18 03:00:00,22,0.8254255104052715
2026-02-17,2026-02-17 22:00:00,2026-02-18 04:00:00,23,0.8122308069583176
2026-02-17,2026-02-17 23:00:00,2026-02-18 05:00:00,24,0.7762239681224402
2026-02-17,2026-02-18 00:00:00,2026-02-18 06:00:00,25,0.7557681657530537
2026-02-17,2026-02-18 01:00:00,2026-02-18 07:00:00,26,0.7830520551015943
2026-02-17,2026-02-18 02:00:00,2026-02-18 08:00:00,27,0.734388307246661
2026-02-17,2026-02-18 03:00:00,2026-02-18 09:00:00,28,0.8181995257182516
2026-02-17,2026-02-18 04:00:00,2026-02-18 10:00:00,29,0.8990498864837435
2026-02-17,2026-02-18 05:00:00,2026-02-18 11:00:00,30,0.9349392538388273
2026-02-17,2026-02-18 06:00:00,2026-02-18 12:00:00,31,0.9720801331393131
2026-02-17,2026-02-18 07:00:00,2026-02-18 13:00:00,32,0.9721181304035159
2026-02-17,2026-02-18 08:00:00,2026-02-18 14:00:00,33,0.9748336405080179
2026-02-17,2026-02-18 09:00:00,2026-02-18 15:00:00,34,0.97227521754609
2026-02-17,2026-02-18 10:00:00,2026-02-18 16:00:00,35,0.9776053791999415
2026-02-17,2026-02-18 11:00:00,2026-02-18 17:00:00,36,0.9708398330160652
2026-02-17,2026-02-18 12:00:00,2026-02-18 18:00:00,37,0.957709481099049
2026-02-17,2026-02-18 13:00:00,2026-02-18 19:00:00,38,0.849011123620398
2026-02-17,2026-02-18 14:00:00,2026-02-18 20:00:00,39,0.777285372039538
2026-02-17,2026-02-18 15:00:00,2026-02-18 21:00:00,40,0.7099319550536087
2026-02-17,2026-02-18 16:00:00,2026-02-18 22:00:00,41,0.2929848165147366
2026-02-17,2026-02-18 17:00:00,2026-02-18 23:00:00,42,0.26278909793462324
2026-02-17,2026-02-18 18:00:00,2026-02-19 00:00:00,43,0.229610502893122
2026-02-17,2026-02-18 19:00:00,2026-02-19 01:00:00,44,0.14822403816239801
2026-02-17,2026-02-18 20:00:00,2026-02-19 02:00:00,45,0.22617953418566636
2026-02-17,2026-02-18 21:00:00,2026-02-19 03:00:00,46,0.251077657485518
2026-02-17,2026-02-18 22:00:00,2026-02-19 04:00:00,47,0.22766712209172976
2026-02-17,2026-02-18 23:00:00,2026-02-19 05:00:00,48,0.28584720807343633
2026-02-18,2026-02-18 00:00:00,2026-02-18 06:00:00,1,0.7099295963254122
2026-02-18,2026-02-18 01:00:00,2026-02-18 07:00:00,2,0.7176445481053173
2026-02-18,2026-02-18 02:00:00,2026-02-18 08:00:00,3,0.8201969409326817
2026-02-18,2026-02-18 03:00:00,2026-02-18 09:00:00,4,0.8621897960233583
2026-02-18,2026-02-18 04:00:00,2026-02-18 10:00:00,5,0.90657501697891
2026-02-18,2026-02-18 05:00:00,2026-02-18 11:00:00,6,0.9092491561058446
2026-02-18,2026-02-18 06:00:00,2026-02-18 12:00:00,7,0.977835808607597
2026-02-18,2026-02-18 07:00:00,2026-02-18 13:00:00,8,0.9810270743198345
2026-02-18,2026-02-18 08:00:00,2026-02-18 14:00:00,9,0.9796631960533907
2026-02-18,2026-02-18 09:00:00,2026-02-18 15:00:00,10,0.9790486715442916
2026-02-18,2026-02-18 10:00:00,2026-02-18 16:00:00,11,0.9821013009745176
2026-02-18,2026-02-18 11:00:00,2026-02-18 17:00:00,12,0.9819636485393095
2026-02-18,2026-02-18 12:00:00,2026-02-18 18:00:00,13,0.9615983124356426
2026-02-18,2026-02-18 13:00:00,2026-02-18 19:00:00,14,0.8126926717980257
2026-02-18,2026-02-18 14:00:00,2026-02-18 20:00:00,15,0.7739394072153912
2026-02-18,2026-02-18 15:00:00,2026-02-18 21:00:00,16,0.6515741800145826
2026-02-18,2026-02-18 16:00:00,2026-02-18 22:00:00,17,0.6101936169716051
2026-02-18,2026-02-18 17:00:00,2026-02-18 23:00:00,18,0.5646052534465283
2026-02-18,2026-02-18 18:00:00,2026-02-19 00:00:00,19,0.5453692395916117
2026-02-18,2026-02-18 19:00:00,2026-02-19 01:00:00,20,0.6233381466718617
2026-02-18,2026-02-18 20:00:00,2026-02-19 02:00:00,21,0.6409105451414998
2026-02-18,2026-02-18 21:00:00,2026-02-19 03:00:00,22,0.5674978241796935
2026-02-18,2026-02-18 22:00:00,2026-02-19 04:00:00,23,0.5449317356311717
2026-02-18,2026-02-18 23:00:00,2026-02-19 05:00:00,24,0.5008370397275069
2026-02-18,2026-02-19 00:00:00,2026-02-19 06:00:00,25,0.48651628013882114
2026-02-18,2026-02-19 01:00:00,2026-02-19 07:00:00,26,0.4518113199977251
2026-02-18,2026-02-19 02:00:00,2026-02-19 08:00:00,27,0.4299596474524021
2026-02-18,2026-02-19 03:00:00,2026-02-19 09:00:00,28,0.4288390243892316
2026-02-18,2026-02-19 04:00:00,2026-02-19 10:00:00,29,0.48437347464509295
2026-02-18,2026-02-19 05:00:00,2026-02-19 11:00:00,30,0.5548397577650767
2026-02-18,2026-02-19 06:00:00,2026-02-19 12:00:00,31,0.5054886582525602
2026-02-18,2026-02-19 07:00:00,2026-02-19 13:00:00,32,0.4442431699007209
2026-02-18,2026-02-19 08:00:00,2026-02-19 14:00:00,33,0.33434386624413726
2026-02-18,2026-02-19 09:00:00,2026-02-19 15:00:00,34,0.22488368725655364
2026-02-18,2026-02-19 10:00:00,2026-02-19 16:00:00,35,0.18886471247300832
2026-02-18,2026-02-19 11:00:00,2026-02-19 17:00:00,36,0.14748852047629837
2026-02-18,2026-02-19 12:00:00,2026-02-19 18:00:00,37,0.1619470971675996
2026-02-18,2026-02-19 13:00:00,2026-02-19 19:00:00,38,0.15674370721497646
2026-02-18,2026-02-19 14:00:00,2026-02-19 20:00:00,39,0.12369908909376588
2026-02-18,2026-02-19 15:00:00,2026-02-19 21:00:00,40,0.060366217667352215
2026-02-18,2026-02-19 16:00:00,2026-02-19 22:00:00,41,0.03507953386954302
2026-02-18,2026-02-19 17:00:00,2026-02-19 23:00:00,42,0.12359216213278576
2026-02-18,2026-02-19 18:00:00,2026-02-20 00:00:00,43,0.20919119814699375
2026-02-18,2026-02-19 19:00:00,2026-02-20 01:00:00,44,0.18491176362019762
2026-02-18,2026-02-19 20:00:00,2026-02-20 02:00:00,45,0.19831193122420754
2026-02-18,2026-02-19 21:00:00,2026-02-20 03:00:00,46,0.2609277572841651
2026-02-18,2026-02-19 22:00:00,2026-02-20 04:00:00,47,0.37020775090808916
2026-02-18,2026-02-19 23:00:00,2026-02-20 05:00:00,48,0.50922331652784
2026-02-19,2026-02-19 00:00:00,2026-02-19 06:00:00,1,0.17044611672857837
2026-02-19,2026-02-19 01:00:00,2026-02-19 07:00:00,2,0.1306734853355043
2026-02-19,2026-02-19 02:00:00,2026-02-19 08:00:00,3,0.17009740608810184
2026-02-19,2026-02-19 03:00:00,2026-02-19 09:00:00,4,0.1644277069848897
2026-02-19,2026-02-19 04:00:00,2026-02-19 10:00:00,5,0.22143370922473962
2026-02-19,2026-02-19 05:00:00,2026-02-19 11:00:00,6,0.282070487000548
2026-02-19,2026-02-19 06:00:00,2026-02-19 12:00:00,7,0.3378802876487379
2026-02-19,2026-02-19 07:00:00,2026-02-19 13:00:00,8,0.29230087036281116
2026-02-19,2026-02-19 08:00:00,2026-02-19 14:00:00,9,0.2273651504618179
2026-02-19,2026-02-19 09:00:00,2026-02-19 15:00:00,10,0.20616847763360266
2026-02-19,2026-02-19 10:00:00,2026-02-19 16:00:00,11,0.1603749575749054
2026-02-19,2026-02-19 11:00:00,2026-02-19 17:00:00,12,0.12970745474374665
2026-02-19,2026-02-19 12:00:00,2026-02-19 18:00:00,13,0.12665637319873183
2026-02-19,2026-02-19 13:00:00,2026-02-19 19:00:00,14,0.08678937452189663
2026-02-19,2026-02-19 14:00:00,2026-02-19 20:00:00,15,0.03948771385795185
2026-02-19,2026-02-19 15:00:00,2026-02-19 21:00:00,16,0.031022995393236427
2026-02-19,2026-02-19 16:00:00,2026-02-19 22:00:00,17,0.03914647026134685
2026-02-19,2026-02-19 17:00:00,2026-02-19 23:00:00,18,0.015676736408900716
2026-02-19,2026-02-19 18:00:00,2026-02-20 00:00:00,19,0.052221611166463636
2026-02-19,2026-02-19 19:00:00,2026-02-20 01:00:00,20,0.07020304297568548
2026-02-19,2026-02-19 20:00:00,2026-02-20 02:00:00,21,0.08156997190640893
2026-02-19,2026-02-19 21:00:00,2026-02-20 03:00:00,22,0.10416772638723798
2026-02-19,2026-02-19 22:00:00,2026-02-20 04:00:00,23,0.2430139199485093
2026-02-19,2026-02-19 23:00:00,2026-02-20 05:00:00,24,0.3117649069512833
2026-02-19,2026-02-20 00:00:00,2026-02-20 06:00:00,25,0.4046834324679412
2026-02-19,2026-02-20 01:00:00,2026-02-20 07:00:00,26,0.35010774690981733
2026-02-19,2026-02-20 02:00:00,2026-02-20 08:00:00,27,0.3329390905742033
2026-02-19,2026-02-20 03:00:00,2026-02-20 09:00:00,28,0.21089975141702647
2026-02-19,2026-02-20 04:00:00,2026-02-20 10:00:00,29,0.1855662512111566
2026-02-19,2026-02-20 05:00:00,2026-02-20 11:00:00,30,0.10505871010090231
2026-02-19,2026-02-20 06:00:00,2026-02-20 12:00:00,31,0.08464369386692441
2026-02-19,2026-02-20 07:00:00,2026-02-20 13:00:00,32,0.06720702707658786
2026-02-19,2026-02-20 08:00:00,2026-02-20 14:00:00,33,0.051286632856533745
2026-02-19,2026-02-20 09:00:00,2026-02-20 15:00:00,34,0.026954998786628544
2026-02-19,2026-02-20 10:00:00,2026-02-20 16:00:00,35,0.04449727791281942
2026-02-19,2026-02-20 11:00:00,2026-02-20 17:00:00,36,0.05039386247591792
2026-02-19,2026-02-20 12:00:00,2026-02-20 18:00:00,37,0.1316244712621166
2026-02-19,2026-02-20 13:00:00,2026-02-20 19:00:00,38,0.5395778095269846
2026-02-19,2026-02-20 14:00:00,2026-02-20 20:00:00,39,0.9356299580417293
2026-02-19,2026-02-20 15:00:00,2026-02-20 21:00:00,40,0.9717993989208454
2026-02-19,2026-02-20 16:00:00,2026-02-20 22:00:00,41,0.8308992639084543
2026-02-19,2026-02-20 17:00:00,2026-02-20 23:00:00,42,0.6559664334214574
2026-02-19,2026-02-20 18:00:00,2026-02-21 00:00:00,43,0.514697097472227
2026-02-19,2026-02-20 19:00:00,2026-02-21 01:00:00,44,0.41136412729020333
2026-02-19,2026-02-20 20:00:00,2026-02-21 02:00:00,45,0.2883328576054832
2026-02-19,2026-02-20 21:00:00,2026-02-21 03:00:00,46,0.248830603102936
2026-02-19,2026-02-20 22:00:00,2026-02-21 04:00:00,47,0.27167028321464437
2026-02-19,2026-02-20 23:00:00,2026-02-21 05:00:00,48,0.31023228861319807
2026-02-20,2026-02-20 00:00:00,2026-02-20 06:00:00,1,0.5463561793721871
2026-02-20,2026-02-20 01:00:00,2026-02-20 07:00:00,2,0.490721967388092
2026-02-20,2026-02-20 02:00:00,2026-02-20 08:00:00,3,0.49281610168785
2026-02-20,2026-02-20 03:00:00,2026-02-20 09:00:00,4,0.4542758495559535
2026-02-20,2026-02-20 04:00:00,2026-02-20 10:00:00,5,0.4055989924592378
2026-02-20,2026-02-20 05:00:00,2026-02-20 11:00:00,6,0.3180588892003839
2026-02-20,2026-02-20 06:00:00,2026-02-20 12:00:00,7,0.25351789029141303
2026-02-20,2026-02-20 07:00:00,2026-02-20 13:00:00,8,0.18684562931850016
2026-02-20,2026-02-20 08:00:00,2026-02-20 14:00:00,9,0.12825147823969799
2026-02-20,2026-02-20 09:00:00,2026-02-20 15:00:00,10,0.08703868081097949
2026-02-20,2026-02-20 10:00:00,2026-02-20 16:00:00,11,0.08410655912949187
2026-02-20,2026-02-20 11:00:00,2026-02-20 17:00:00,12,0.06045380820939094
2026-02-20,2026-02-20 12:00:00,2026-02-20 18:00:00,13,0.04451875173267883
2026-02-20,2026-02-20 13:00:00,2026-02-20 19:00:00,14,0.09167489302844946
2026-02-20,2026-02-20 14:00:00,2026-02-20 20:00:00,15,0.2510141449249854
2026-02-20,2026-02-20 15:00:00,2026-02-20 21:00:00,16,0.544436920837218
2026-02-20,2026-02-20 16:00:00,2026-02-20 22:00:00,17,0.9500704252806709
2026-02-20,2026-02-20 17:00:00,2026-02-20 23:00:00,18,0.8877311813353114
2026-02-20,2026-02-20 18:00:00,2026-02-21 00:00:00,19,0.7859225788370975
2026-02-20,2026-02-20 19:00:00,2026-02-21 01:00:00,20,0.751353971192011
2026-02-20,2026-02-20 20:00:00,2026-02-21 02:00:00,21,0.6700725966099541
2026-02-20,2026-02-20 21:00:00,2026-02-21 03:00:00,22,0.614249412741151
2026-02-20,2026-02-20 22:00:00,2026-02-21 04:00:00,23,0.44083521814918203
2026-02-20,2026-02-20 23:00:00,2026-02-21 05:00:00,24,0.37857607582713065
2026-02-20,2026-02-21 00:00:00,2026-02-21 06:00:00,25,0.3394305572545062
2026-02-20,2026-02-21 01:00:00,2026-02-21 07:00:00,26,0.4091009818621655
2026-02-20,2026-02-21 02:00:00,2026-02-21 08:00:00,27,0.36155133647643195
2026-02-20,2026-02-21 03:00:00,2026-02-21 09:00:00,28,0.19707491602805857
2026-02-20,2026-02-21 04:00:00,2026-02-21 10:00:00,29,0.05611165041334473
2026-02-20,2026-02-21 05:00:00,2026-02-21 11:00:00,30,0.10441508073723614
2026-02-20,2026-02-21 06:00:00,2026-02-21 12:00:00,31,0.45355485671959905
2026-02-20,2026-02-21 07:00:00,2026-02-21 13:00:00,32,0.623905948520437
2026-02-20,2026-02-21 08:00:00,2026-02-21 14:00:00,33,0.6407111371347352
2026-02-20,2026-02-21 09:00:00,2026-02-21 15:00:00,34,0.6450481785950224
2026-02-20,2026-02-21 10:00:00,2026-02-21 16:00:00,35,0.5917936055955173
2026-02-20,2026-02-21 11:00:00,2026-02-21 17:00:00,36,0.5409849392526327
2026-02-20,2026-02-21 12:00:00,2026-02-21 18:00:00,37,0.4698069801452458
2026-02-20,2026-02-21 13:00:00,2026-02-21 19:00:00,38,0.42776413748806
2026-02-20,2026-02-21 14:00:00,2026-02-21 20:00:00,39,0.36612860910018086
2026-02-20,2026-02-21 15:00:00,2026-02-21 21:00:00,40,0.36367347597517946
2026-02-20,2026-02-21 16:00:00,2026-02-21 22:00:00,41,0.8722158818801553
2026-02-20,2026-02-21 17:00:00,2026-02-21 23:00:00,42,0.6700292253377959
2026-02-20,2026-02-21 18:00:00,2026-02-22 00:00:00,43,0.5899882767743765
2026-02-20,2026-02-21 19:00:00,2026-02-22 01:00:00,44,0.5465255099992435
2026-02-20,2026-02-21 20:00:00,2026-02-22 02:00:00,45,0.4183757387283637
2026-02-20,2026-02-21 21:00:00,2026-02-22 03:00:00,46,0.2784324603770196
2026-02-20,2026-02-21 22:00:00,2026-02-22 04:00:00,47,0.20179837134834322
2026-02-20,2026-02-21 23:00:00,2026-02-22 05:00:00,48,0.18325102492051995
2026-02-21,2026-02-21 00:00:00,2026-02-21 06:00:00,1,0.47135066659327934
2026-02-21,2026-02-21 01:00:00,2026-02-21 07:00:00,2,0.5331127017769481
2026-02-21,2026-02-21 02:00:00,2026-02-21 08:00:00,3,0.447662445222247
2026-02-21,2026-02-21 03:00:00,2026-02-21 09:00:00,4,0.1773176527820786
2026-02-21,2026-02-21 04:00:00,2026-02-21 10:00:00,5,0.0799389500212318
2026-02-21,2026-02-21 05:00:00,2026-02-21 11:00:00,6,0.23483162164377866
2026-02-21,2026-02-21 06:00:00,2026-02-21 12:00:00,7,0.7522817571458359
2026-02-21,2026-02-21 07:00:00,2026-02-21 13:00:00,8,0.9184413172211007
2026-02-21,2026-02-21 08:00:00,2026-02-21 14:00:00,9,0.9140842092572832
2026-02-21,2026-02-21 09:00:00,2026-02-21 15:00:00,10,0.9259283428349985
2026-02-21,2026-02-21 10:00:00,2026-02-21 16:00:00,11,0.8634572901912704
2026-02-21,2026-02-21 11:00:00,2026-02-21 17:00:00,12,0.5804681914739238
2026-02-21,2026-02-21 12:00:00,2026-02-21 18:00:00,13,0.40024100480090974
2026-02-21,2026-02-21 13:00:00,2026-02-21 19:00:00,14,0.33129372549908453
2026-02-21,2026-02-21 14:00:00,2026-02-21 20:00:00,15,0.3114172041405228
2026-02-21,2026-02-21 15:00:00,2026-02-21 21:00:00,16,0.271953445386543
2026-02-21,2026-02-21 16:00:00,2026-02-21 22:00:00,17,0.44256923113640756
2026-02-21,2026-02-21 17:00:00,2026-02-21 23:00:00,18,0.5023690552736919
2026-02-21,2026-02-21 18:00:00,2026-02-22 00:00:00,19,0.5427194235511476
2026-02-21,2026-02-21 19:00:00,2026-02-22 01:00:00,20,0.43251541806116583
2026-02-21,2026-02-21 20:00:00,2026-02-22 02:00:00,21,0.31995838942725147
2026-02-21,2026-02-21 21:00:00,2026-02-22 03:00:00,22,0.20097958536675978
2026-02-21,2026-02-21 22:00:00,2026-02-22 04:00:00,23,0.09070673331896846
2026-02-21,2026-02-21 23:00:00,2026-02-22 05:00:00,24,0.027581005070712233
2026-02-21,2026-02-22 00:00:00,2026-02-22 06:00:00,25,0.024981641133510892
2026-02-21,2026-02-22 01:00:00,2026-02-22 07:00:00,26,0.012940817390058245
2026-02-21,2026-02-22 02:00:00,2026-02-22 08:00:00,27,0.017365307855151595
2026-02-21,2026-02-22 03:00:00,2026-02-22 09:00:00,28,0.03372028502606197
2026-02-21,2026-02-22 04:00:00,2026-02-22 10:00:00,29,0.14940503274011643
2026-02-21,2026-02-22 05:00:00,2026-02-22 11:00:00,30,0.31524865029812144
2026-02-21,2026-02-22 06:00:00,2026-02-22 12:00:00,31,0.5021349221422885
2026-02-21,2026-02-22 07:00:00,2026-02-22 13:00:00,32,0.6589270192257067
2026-02-21,2026-02-22 08:00:00,2026-02-22 14:00:00,33,0.8718840582065082
2026-02-21,2026-02-22 09:00:00,2026-02-22 15:00:00,34,0.9605049041278423
2026-02-21,2026-02-22 10:00:00,2026-02-22 16:00:00,35,0.9518782955494199
2026-02-21,2026-02-22 11:00:00,2026-02-22 17:00:00,36,0.9373272333453867
2026-02-21,2026-02-22 12:00:00,2026-02-22 18:00:00,37,0.8915795143321669
2026-02-21,2026-02-22 13:00:00,2026-02-22 19:00:00,38,0.7443615570135661
2026-02-21,2026-02-22 14:00:00,2026-02-22 20:00:00,39,0.5054541632080509
2026-02-21,2026-02-22 15:00:00,2026-02-22 21:00:00,40,0.26573519364727344
2026-02-21,2026-02-22 16:00:00,2026-02-22 22:00:00,41,0.577329981842943
2026-02-21,2026-02-22 17:00:00,2026-02-22 23:00:00,42,0.4258932849128576
2026-02-21,2026-02-22 18:00:00,2026-02-23 00:00:00,43,0.35921683753727945
2026-02-21,2026-02-22 19:00:00,2026-02-23 01:00:00,44,0.371041842748974
2026-02-21,2026-02-22 20:00:00,2026-02-23 02:00:00,45,0.36849112902551434
2026-02-21,2026-02-22 21:00:00,2026-02-23 03:00:00,46,0.30536960875371044
2026-02-21,2026-02-22 22:00:00,2026-02-23 04:00:00,47,0.16586991599704687
2026-02-21,2026-02-22 23:00:00,2026-02-23 05:00:00,48,0.08161025599738579
2026-02-22,2026-02-22 00:00:00,2026-02-22 06:00:00,1,0.01692888145081501
2026-02-22,2026-02-22 01:00:00,2026-02-22 07:00:00,2,0.04978239339004163
2026-02-22,2026-02-22 02:00:00,2026-02-22 08:00:00,3,0.3085455156964988
2026-02-22,2026-02-22 03:00:00,2026-02-22 09:00:00,4,0.5012765866487318
2026-02-22,2026-02-22 04:00:00,2026-02-22 10:00:00,5,0.7741938758860026
2026-02-22,2026-02-22 05:00:00,2026-02-22 11:00:00,6,0.9370773204987698
2026-02-22,2026-02-22 06:00:00,2026-02-22 12:00:00,7,0.9599576485329946
2026-02-22,2026-02-22 07:00:00,2026-02-22 13:00:00,8,0.973784589802244
2026-02-22,2026-02-22 08:00:00,2026-02-22 14:00:00,9,0.9666315534624019
2026-02-22,2026-02-22 09:00:00,2026-02-22 15:00:00,10,0.9636859946103953
2026-02-22,2026-02-22 10:00:00,2026-02-22 16:00:00,11,0.9365392011672413
2026-02-22,2026-02-22 11:00:00,2026-02-22 17:00:00,12,0.8733883412206056
2026-02-22,2026-02-22 12:00:00,2026-02-22 18:00:00,13,0.7655490305746047
2026-02-22,2026-02-22 13:00:00,2026-02-22 19:00:00,14,0.6007304213501563
2026-02-22,2026-02-22 14:00:00,2026-02-22 20:00:00,15,0.3321363583744854
2026-02-22,2026-02-22 15:00:00,2026-02-22 21:00:00,16,0.18771077329047578
2026-02-22,2026-02-22 16:00:00,2026-02-22 22:00:00,17,0.18286093904826248
2026-02-22,2026-02-22 17:00:00,2026-02-22 23:00:00,18,0.16607352526491712
2026-02-22,2026-02-22 18:00:00,2026-02-23 00:00:00,19,0.12259970031814021
2026-02-22,2026-02-22 19:00:00,2026-02-23 01:00:00,20,0.11593730781236213
2026-02-22,2026-02-22 20:00:00,2026-02-23 02:00:00,21,0.07461983933519664
2026-02-22,2026-02-22 21:00:00,2026-02-23 03:00:00,22,0.07678469583298536
2026-02-22,2026-02-22 22:00:00,2026-02-23 04:00:00,23,0.05037248606046413
2026-02-22,2026-02-22 23:00:00,2026-02-23 05:00:00,24,0.030650725733621792
2026-02-22,2026-02-23 00:00:00,2026-02-23 06:00:00,25,0.016878609261561598
2026-02-22,2026-02-23 01:00:00,2026-02-23 07:00:00,26,0.027277519399048017
2026-02-22,2026-02-23 02:00:00,2026-02-23 08:00:00,27,0.0157226848296748
2026-02-22,2026-02-23 03:00:00,2026-02-23 09:00:00,28,0.01231139167980949
2026-02-22,2026-02-23 04:00:00,2026-02-23 10:00:00,29,0.07534857013273695
2026-02-22,2026-02-23 05:00:00,2026-02-23 11:00:00,30,0.09176652611319899
2026-02-22,2026-02-23 06:00:00,2026-02-23 12:00:00,31,0.18836583786788733
2026-02-22,2026-02-23 07:00:00,2026-02-23 13:00:00,32,0.4010927228191701
2026-02-22,2026-02-23 08:00:00,2026-02-23 14:00:00,33,0.5083849864943336
2026-02-22,2026-02-23 09:00:00,2026-02-23 15:00:00,34,0.5811108545932179
2026-02-22,2026-02-23 10:00:00,2026-02-23 16:00:00,35,0.6643729899631045
2026-02-22,2026-02-23 11:00:00,2026-02-23 17:00:00,36,0.7206863612266218
2026-02-22,2026-02-23 12:00:00,2026-02-23 18:00:00,37,0.7459471454543146
2026-02-22,2026-02-23 13:00:00,2026-02-23 19:00:00,38,0.8094187643942565
2026-02-22,2026-02-23 14:00:00,2026-02-23 20:00:00,39,0.8423481578579738
2026-02-22,2026-02-23 15:00:00,2026-02-23 21:00:00,40,0.8630433071623024
2026-02-22,2026-02-23 16:00:00,2026-02-23 22:00:00,41,0.8170981797849545
2026-02-22,2026-02-23 17:00:00,2026-02-23 23:00:00,42,0.8599550832102989
2026-02-22,2026-02-23 18:00:00,2026-02-24 00:00:00,43,0.8846175187509606
2026-02-22,2026-02-23 19:00:00,2026-02-24 01:00:00,44,0.8808468752685515
2026-02-22,2026-02-23 20:00:00,2026-02-24 02:00:00,45,0.8769760484185642
2026-02-22,2026-02-23 21:00:00,2026-02-24 03:00:00,46,0.901415017814855
2026-02-22,2026-02-23 22:00:00,2026-02-24 04:00:00,47,0.889975047835592
2026-02-22,2026-02-23 23:00:00,2026-02-24 05:00:00,48,0.8820252676750215
2026-02-23,2026-02-23 00:00:00,2026-02-23 06:00:00,1,0.03193609941501254
2026-02-23,2026-02-23 01:00:00,2026-02-23 07:00:00,2,0.017942906723162726
2026-02-23,2026-02-23 02:00:00,2026-02-23 08:00:00,3,0.006578965610656029
2026-02-23,2026-02-23 03:00:00,2026-02-23 09:00:00,4,0.010243141883374388
2026-02-23,2026-02-23 04:00:00,2026-02-23 10:00:00,5,0.03959879697443479
2026-02-23,2026-02-23 05:00:00,2026-02-23 11:00:00,6,0.08713145496949065
2026-02-23,2026-02-23 06:00:00,2026-02-23 12:00:00,7,0.11712708414679648
2026-02-23,2026-02-23 07:00:00,2026-02-23 13:00:00,8,0.21788265867190973
2026-02-23,2026-02-23 08:00:00,2026-02-23 14:00:00,9,0.3390971747082783
2026-02-23,2026-02-23 09:00:00,2026-02-23 15:00:00,10,0.43477447803090147
2026-02-23,2026-02-23 10:00:00,2026-02-23 16:00:00,11,0.5508897404130704
2026-02-23,2026-02-23 11:00:00,2026-02-23 17:00:00,12,0.6078925370569637
2026-02-23,2026-02-23 12:00:00,2026-02-23 18:00:00,13,0.6224048998782514
2026-02-23,2026-02-23 13:00:00,2026-02-23 19:00:00,14,0.6837935503243501
2026-02-23,2026-02-23 14:00:00,2026-02-23 20:00:00,15,0.7056027947732083
2026-02-23,2026-02-23 15:00:00,2026-02-23 21:00:00,16,0.8166737387970905
2026-02-23,2026-02-23 16:00:00,2026-02-23 22:00:00,17,0.941521738530876
2026-02-23,2026-02-23 17:00:00,2026-02-23 23:00:00,18,0.9233694666704005
2026-02-23,2026-02-23 18:00:00,2026-02-24 00:00:00,19,0.9569334275427387
2026-02-23,2026-02-23 19:00:00,2026-02-24 01:00:00,20,0.9070512759592744
2026-02-23,2026-02-23 20:00:00,2026-02-24 02:00:00,21,0.8989567003778244
2026-02-23,2026-02-23 21:00:00,2026-02-24 03:00:00,22,0.8741325600971798
2026-02-23,2026-02-23 22:00:00,2026-02-24 04:00:00,23,0.8795989194397535
2026-02-23,2026-02-23 23:00:00,2026-02-24 05:00:00,24,0.8680528246780601
2026-02-23,2026-02-24 00:00:00,2026-02-24 06:00:00,25,0.7642112489633958
2026-02-23,2026-02-24 01:00:00,2026-02-24 07:00:00,26,0.6135026707545231
2026-02-23,2026-02-24 02:00:00,2026-02-24 08:00:00,27,0.5284267980385974
2026-02-23,2026-02-24 03:00:00,2026-02-24 09:00:00,28,0.49096540157744284
2026-02-23,2026-02-24 04:00:00,2026-02-24 10:00:00,29,0.46770334798581714
2026-02-23,2026-02-24 05:00:00,2026-02-24 11:00:00,30,0.4034337006784111
2026-02-23,2026-02-24 06:00:00,2026-02-24 12:00:00,31,0.36899624292729294
2026-02-23,2026-02-24 07:00:00,2026-02-24 13:00:00,32,0.3416692410105729
2026-02-23,2026-02-24 08:00:00,2026-02-24 14:00:00,33,0.3013694418451576
2026-02-23,2026-02-24 09:00:00,2026-02-24 15:00:00,34,0.25402823699705307
2026-02-23,2026-02-24 10:00:00,2026-02-24 16:00:00,35,0.244156087985241
2026-02-23,2026-02-24 11:00:00,2026-02-24 17:00:00,36,0.24075561852168678
2026-02-23,2026-02-24 12:00:00,2026-02-24 18:00:00,37,0.28025616219609456
2026-02-23,2026-02-24 13:00:00,2026-02-24 19:00:00,38,0.28212856959800436
2026-02-23,2026-02-24 14:00:00,2026-02-24 20:00:00,39,0.1838052437536342
2026-02-23,2026-02-24 15:00:00,2026-02-24 21:00:00,40,0.09863843862094934
2026-02-23,2026-02-24 16:00:00,2026-02-24 22:00:00,41,0.03508648621434654
2026-02-23,2026-02-24 17:00:00,2026-02-24 23:00:00,42,0.04538163467415269
2026-02-23,2026-02-24 18:00:00,2026-02-25 00:00:00,43,0.054751840336788635
2026-02-23,2026-02-24 19:00:00,2026-02-25 01:00:00,44,0.15972797007544173
2026-02-23,2026-02-24 20:00:00,2026-02-25 02:00:00,45,0.21913906878880465
2026-02-23,2026-02-24 21:00:00,2026-02-25 03:00:00,46,0.2897624023158019
2026-02-23,2026-02-24 22:00:00,2026-02-25 04:00:00,47,0.28667396195573086
2026-02-23,2026-02-24 23:00:00,2026-02-25 05:00:00,48,0.3247067799858804
2026-02-24,2026-02-24 00:00:00,2026-02-24 06:00:00,1,0.6857843378372961
2026-02-24,2026-02-24 01:00:00,2026-02-24 07:00:00,2,0.6702667949229746
2026-02-24,2026-02-24 02:00:00,2026-02-24 08:00:00,3,0.6357095124484236
2026-02-24,2026-02-24 03:00:00,2026-02-24 09:00:00,4,0.5881946944245778
2026-02-24,2026-02-24 04:00:00,2026-02-24 10:00:00,5,0.505193280773375
2026-02-24,2026-02-24 05:00:00,2026-02-24 11:00:00,6,0.4647500417513352
2026-02-24,2026-02-24 06:00:00,2026-02-24 12:00:00,7,0.39052403012179093
2026-02-24,2026-02-24 07:00:00,2026-02-24 13:00:00,8,0.3911758078290877
2026-02-24,2026-02-24 08:00:00,2026-02-24 14:00:00,9,0.40914475468134065
2026-02-24,2026-02-24 09:00:00,2026-02-24 15:00:00,10,0.36501347115858573
2026-02-24,2026-02-24 10:00:00,2026-02-24 16:00:00,11,0.34266915985444635
2026-02-24,2026-02-24 11:00:00,2026-02-24 17:00:00,12,0.3263298150226002
2026-02-24,2026-02-24 12:00:00,2026-02-24 18:00:00,13,0.273062095683799
2026-02-24,2026-02-24 13:00:00,2026-02-24 19:00:00,14,0.3209406594909764
2026-02-24,2026-02-24 14:00:00,2026-02-24 20:00:00,15,0.26945550242549093
2026-02-24,2026-02-24 15:00:00,2026-02-24 21:00:00,16,0.1616575268122393
2026-02-24,2026-02-24 16:00:00,2026-02-24 22:00:00,17,0.03478125778033525
2026-02-24,2026-02-24 17:00:00,2026-02-24 23:00:00,18,0.014921859874305771
2026-02-24,2026-02-24 18:00:00,2026-02-25 00:00:00,19,0.016955613601084593
2026-02-24,2026-02-24 19:00:00,2026-02-25 01:00:00,20,0.01857276621158236
2026-02-24,2026-02-24 20:00:00,2026-02-25 02:00:00,21,0.008535155101393743
2026-02-24,2026-02-24 21:00:00,2026-02-25 03:00:00,22,0.04970339872076993
2026-02-24,2026-02-24 22:00:00,2026-02-25 04:00:00,23,0.11276157250823936
2026-02-24,2026-02-24 23:00:00,2026-02-25 05:00:00,24,0.17761037399994514
2026-02-24,2026-02-25 00:00:00,2026-02-25 06:00:00,25,0.2989487928672308
2026-02-24,2026-02-25 01:00:00,2026-02-25 07:00:00,26,0.29806362624348837
2026-02-24,2026-02-25 02:00:00,2026-02-25 08:00:00,27,0.3730245968111305
2026-02-24,2026-02-25 03:00:00,2026-02-25 09:00:00,28,0.5591380751243457
2026-02-24,2026-02-25 04:00:00,2026-02-25 10:00:00,29,0.6925055799487198
2026-02-24,2026-02-25 05:00:00,2026-02-25 11:00:00,30,0.8031946087155922
2026-02-24,2026-02-25 06:00:00,2026-02-25 12:00:00,31,0.7776148526539743
2026-02-24,2026-02-25 07:00:00,2026-02-25 13:00:00,32,0.7038214600800824
2026-02-24,2026-02-25 08:00:00,2026-02-25 14:00:00,33,0.6678627494986378
2026-02-24,2026-02-25 09:00:00,2026-02-25 15:00:00,34,0.46682275854873573
2026-02-24,2026-02-25 10:00:00,2026-02-25 16:00:00,35,0.24508929406703214
2026-02-24,2026-02-25 11:00:00,2026-02-25 17:00:00,36,0.11725090707283081
2026-02-24,2026-02-25 12:00:00,2026-02-25 18:00:00,37,0.11601943147676444
2026-02-24,2026-02-25 13:00:00,2026-02-25 19:00:00,38,0.13711465623923322
2026-02-24,2026-02-25 14:00:00,2026-02-25 20:00:00,39,0.17472661538581793
2026-02-24,2026-02-25 15:00:00,2026-02-25 21:00:00,40,0.29193708993439943
2026-02-24,2026-02-25 16:00:00,2026-02-25 22:00:00,41,0.7316942140736845
2026-02-24,2026-02-25 17:00:00,2026-02-25 23:00:00,42,0.8005341509730495
2026-02-24,2026-02-25 18:00:00,2026-02-26 00:00:00,43,0.8196585389090912
2026-02-24,2026-02-25 19:00:00,2026-02-26 01:00:00,44,0.8423682641501745
2026-02-24,2026-02-25 20:00:00,2026-02-26 02:00:00,45,0.8246272229418291
2026-02-24,2026-02-25 21:00:00,2026-02-26 03:00:00,46,0.777562860090274
2026-02-24,2026-02-25 22:00:00,2026-02-26 04:00:00,47,0.791971879969258
2026-02-24,2026-02-25 23:00:00,2026-02-26 05:00:00,48,0.7686430297868189
2026-02-25,2026-02-25 00:00:00,2026-02-25 06:00:00,1,0.15956773245665357
2026-02-25,2026-02-25 01:00:00,2026-02-25 07:00:00,2,0.12882964283477497
2026-02-25,2026-02-25 02:00:00,2026-02-25 08:00:00,3,0.13689030800056448
2026-02-25,2026-02-25 03:00:00,2026-02-25 09:00:00,4,0.1257437684603452
2026-02-25,2026-02-25 04:00:00,2026-02-25 10:00:00,5,0.07915809745862368
2026-02-25,2026-02-25 05:00:00,2026-02-25 11:00:00,6,0.049847392233210545
2026-02-25,2026-02-25 06:00:00,2026-02-25 12:00:00,7,0.041898493995955736
2026-02-25,2026-02-25 07:00:00,2026-02-25 13:00:00,8,0.03688454301772316
2026-02-25,2026-02-25 08:00:00,2026-02-25 14:00:00,9,0.03530738667763587
2026-02-25,2026-02-25 09:00:00,2026-02-25 15:00:00,10,0.02680169519900776
2026-02-25,2026-02-25 10:00:00,2026-02-25 16:00:00,11,0.03893180720102382
2026-02-25,2026-02-25 11:00:00,2026-02-25 17:00:00,12,0.041006347481536636
2026-02-25,2026-02-25 12:00:00,2026-02-25 18:00:00,13,0.09138537877349535
2026-02-25,2026-02-25 13:00:00,2026-02-25 19:00:00,14,0.10177451556172223
2026-02-25,2026-02-25 14:00:00,2026-02-25 20:00:00,15,0.1291052726089508
2026-02-25,2026-02-25 15:00:00,2026-02-25 21:00:00,16,0.1707924558921812
2026-02-25,2026-02-25 16:00:00,2026-02-25 22:00:00,17,0.5276780983449562
2026-02-25,2026-02-25 17:00:00,2026-02-25 23:00:00,18,0.6466984733673602
2026-02-25,2026-02-25 18:00:00,2026-02-26 00:00:00,19,0.7603063543430425
2026-02-25,2026-02-25 19:00:00,2026-02-26 01:00:00,20,0.7917195743125675
2026-02-25,2026-02-25 20:00:00,2026-02-26 02:00:00,21,0.8267507814033348
2026-02-25,2026-02-25 21:00:00,2026-02-26 03:00:00,22,0.8071214122632897
2026-02-25,2026-02-25 22:00:00,2026-02-26 04:00:00,23,0.7171594166851845
2026-02-25,2026-02-25 23:00:00,2026-02-26 05:00:00,24,0.6052288933242859
2026-02-25,2026-02-26 00:00:00,2026-02-26 06:00:00,25,0.6468257349868959
2026-02-25,2026-02-26 01:00:00,2026-02-26 07:00:00,26,0.6770439801182686
2026-02-25,2026-02-26 02:00:00,2026-02-26 08:00:00,27,0.5346664543792087
2026-02-25,2026-02-26 03:00:00,2026-02-26 09:00:00,28,0.24830199672244155
2026-02-25,2026-02-26 04:00:00,2026-02-26 10:00:00,29,0.07111859200856206
2026-02-25,2026-02-26 05:00:00,2026-02-26 11:00:00,30,0.20656726798930927
2026-02-25,2026-02-26 06:00:00,2026-02-26 12:00:00,31,0.5405274448350682
2026-02-25,2026-02-26 07:00:00,2026-02-26 13:00:00,32,0.6780228420449932
2026-02-25,2026-02-26 08:00:00,2026-02-26 14:00:00,33,0.6658414928802929
2026-02-25,2026-02-26 09:00:00,2026-02-26 15:00:00,34,0.6527144530259964
2026-02-25,2026-02-26 10:00:00,2026-02-26 16:00:00,35,0.6485007885239883
2026-02-25,2026-02-26 11:00:00,2026-02-26 17:00:00,36,0.6655386880741336
2026-02-25,2026-02-26 12:00:00,2026-02-26 18:00:00,37,0.6794892450708543
2026-02-25,2026-02-26 13:00:00,2026-02-26 19:00:00,38,0.6793721319290559
2026-02-25,2026-02-26 14:00:00,2026-02-26 20:00:00,39,0.7918927053936881
2026-02-25,2026-02-26 15:00:00,2026-02-26 21:00:00,40,0.8961043629502915
2026-02-25,2026-02-26 16:00:00,2026-02-26 22:00:00,41,0.9552193312241809
2026-02-25,2026-02-26 17:00:00,2026-02-26 23:00:00,42,0.8497154141000953
2026-02-25,2026-02-26 18:00:00,2026-02-27 00:00:00,43,0.7118542380100458
2026-02-25,2026-02-26 19:00:00,2026-02-27 01:00:00,44,0.7909161939327445
2026-02-25,2026-02-26 20:00:00,2026-02-27 02:00:00,45,0.8494986815760841
2026-02-25,2026-02-26 21:00:00,2026-02-27 03:00:00,46,0.8235016010173518
2026-02-25,2026-02-26 22:00:00,2026-02-27 04:00:00,47,0.8313995972764464
2026-02-25,2026-02-26 23:00:00,2026-02-27 05:00:00,48,0.7640021372250473
2026-02-26,2026-02-26 00:00:00,2026-02-26 06:00:00,1,0.6750730430518456
2026-02-26,2026-02-26 01:00:00,2026-02-26 07:00:00,2,0.5916770720827745
2026-02-26,2026-02-26 02:00:00,2026-02-26 08:00:00,3,0.37795105816193186
2026-02-26,2026-02-26 03:00:00,2026-02-26 09:00:00,4,0.08958554333145481
2026-02-26,2026-02-26 04:00:00,2026-02-26 10:00:00,5,0.028166958155714013
2026-02-26,2026-02-26 05:00:00,2026-02-26 11:00:00,6,0.1265358234945612
2026-02-26,2026-02-26 06:00:00,2026-02-26 12:00:00,7,0.4314660118429001
2026-02-26,2026-02-26 07:00:00,2026-02-26 13:00:00,8,0.45222299306408636
2026-02-26,2026-02-26 08:00:00,2026-02-26 14:00:00,9,0.3361658269432393
2026-02-26,2026-02-26 09:00:00,2026-02-26 15:00:00,10,0.34274842933035604
2026-02-26,2026-02-26 10:00:00,2026-02-26 16:00:00,11,0.4712221599448934
2026-02-26,2026-02-26 11:00:00,2026-02-26 17:00:00,12,0.6763239719452832
2026-02-26,2026-02-26 12:00:00,2026-02-26 18:00:00,13,0.7528913340050324
2026-02-26,2026-02-26 13:00:00,2026-02-26 19:00:00,14,0.746833352048777
2026-02-26,2026-02-26 14:00:00,2026-02-26 20:00:00,15,0.819214144895015
2026-02-26,2026-02-26 15:00:00,2026-02-26 21:00:00,16,0.8490214711900808
2026-02-26,2026-02-26 16:00:00,2026-02-26 22:00:00,17,0.8989596011935418
2026-02-26,2026-02-26 17:00:00,2026-02-26 23:00:00,18,0.8177777331198348
2026-02-26,2026-02-26 18:00:00,2026-02-27 00:00:00,19,0.8046745327120053
2026-02-26,2026-02-26 19:00:00,2026-02-27 01:00:00,20,0.9068760447163136
2026-02-26,2026-02-26 20:00:00,2026-02-27 02:00:00,21,0.9272531063938223
2026-02-26,2026-02-26 21:00:00,2026-02-27 03:00:00,22,0.9021382123356617
2026-02-26,2026-02-26 22:00:00,2026-02-27 04:00:00,23,0.8494841966784967
2026-02-26,2026-02-26 23:00:00,2026-02-27 05:00:00,24,0.7348212305247491
2026-02-26,2026-02-27 00:00:00,2026-02-27 06:00:00,25,0.6876434245786028
2026-02-26,2026-02-27 01:00:00,2026-02-27 07:00:00,26,0.5949554256560832
2026-02-26,2026-02-27 02:00:00,2026-02-27 08:00:00,27,0.45070885434519314
2026-02-26,2026-02-27 03:00:00,2026-02-27 09:00:00,28,0.4395809486683579
2026-02-26,2026-02-27 04:00:00,2026-02-27 10:00:00,29,0.21948701595620027
2026-02-26,2026-02-27 05:00:00,2026-02-27 11:00:00,30,0.17539363568097746
2026-02-26,2026-02-27 06:00:00,2026-02-27 12:00:00,31,0.23916326906707855
2026-02-26,2026-02-27 07:00:00,2026-02-27 13:00:00,32,0.32886476430666517
2026-02-26,2026-02-27 08:00:00,2026-02-27 14:00:00,33,0.5047897288269031
2026-02-26,2026-02-27 09:00:00,2026-02-27 15:00:00,34,0.6236233977874106
2026-02-26,2026-02-27 10:00:00,2026-02-27 16:00:00,35,0.8280460447474993
2026-02-26,2026-02-27 11:00:00,2026-02-27 17:00:00,36,0.8620792803508286
2026-02-26,2026-02-27 12:00:00,2026-02-27 18:00:00,37,0.835596096049807
2026-02-26,2026-02-27 13:00:00,2026-02-27 19:00:00,38,0.8440541931717933
2026-02-26,2026-02-27 14:00:00,2026-02-27 20:00:00,39,0.7865814543165952
2026-02-26,2026-02-27 15:00:00,2026-02-27 21:00:00,40,0.7062603339914013
2026-02-26,2026-02-27 16:00:00,2026-02-27 22:00:00,41,0.6826133352298065
2026-02-26,2026-02-27 17:00:00,2026-02-27 23:00:00,42,0.6247813435310553
2026-02-26,2026-02-27 18:00:00,2026-02-28 00:00:00,43,0.6274820720490526
2026-02-26,2026-02-27 19:00:00,2026-02-28 01:00:00,44,0.6286967046849731
2026-02-26,2026-02-27 20:00:00,2026-02-28 02:00:00,45,0.5737389745034851
2026-02-26,2026-02-27 21:00:00,2026-02-28 03:00:00,46,0.5670940149142173
2026-02-26,2026-02-27 22:00:00,2026-02-28 04:00:00,47,0.5800519487193919
2026-02-26,2026-02-27 23:00:00,2026-02-28 05:00:00,48,0.5157551155429289
2026-02-27,2026-02-27 00:00:00,2026-02-27 06:00:00,1,0.26939973756045044
2026-02-27,2026-02-27 01:00:00,2026-02-27 07:00:00,2,0.22196773904410852
2026-02-27,2026-02-27 02:00:00,2026-02-27 08:00:00,3,0.21923314125131085
2026-02-27,2026-02-27 03:00:00,2026-02-27 09:00:00,4,0.19670656521657806
2026-02-27,2026-02-27 04:00:00,2026-02-27 10:00:00,5,0.1358495945649877
2026-02-27,2026-02-27 05:00:00,2026-02-27 11:00:00,6,0.1763973229410564
2026-02-27,2026-02-27 06:00:00,2026-02-27 12:00:00,7,0.21062977735316027
2026-02-27,2026-02-27 07:00:00,2026-02-27 13:00:00,8,0.2714768599286786
2026-02-27,2026-02-27 08:00:00,2026-02-27 14:00:00,9,0.3822321994099133
2026-02-27,2026-02-27 09:00:00,2026-02-27 15:00:00,10,0.5179132734908062
2026-02-27,2026-02-27 10:00:00,2026-02-27 16:00:00,11,0.7076240309513386
2026-02-27,2026-02-27 11:00:00,2026-02-27 17:00:00,12,0.7650623880403398
2026-02-27,2026-02-27 12:00:00,2026-02-27 18:00:00,13,0.8016535212595574
2026-02-27,2026-02-27 13:00:00,2026-02-27 19:00:00,14,0.8081447072258634
2026-02-27,2026-02-27 14:00:00,2026-02-27 20:00:00,15,0.8594322427574871
2026-02-27,2026-02-27 15:00:00,2026-02-27 21:00:00,16,0.855178708683586
2026-02-27,2026-02-27 16:00:00,2026-02-27 22:00:00,17,0.6244523007142997
2026-02-27,2026-02-27 17:00:00,2026-02-27 23:00:00,18,0.509217101703388
2026-02-27,2026-02-27 18:00:00,2026-02-28 00:00:00,19,0.423773514309852
2026-02-27,2026-02-27 19:00:00,2026-02-28 01:00:00,20,0.46269102053641
2026-02-27,2026-02-27 20:00:00,2026-02-28 02:00:00,21,0.4228136475595166
2026-02-27,2026-02-27 21:00:00,2026-02-28 03:00:00,22,0.47900476059258856
2026-02-27,2026-02-27 22:00:00,2026-02-28 04:00:00,23,0.6245450862929298
2026-02-27,2026-02-27 23:00:00,2026-02-28 05:00:00,24,0.6798216887780304
2026-02-27,2026-02-28 00:00:00,2026-02-28 06:00:00,25,0.7000383762814375
2026-02-27,2026-02-28 01:00:00,2026-02-28 07:00:00,26,0.6208795944686613
2026-02-27,2026-02-28 02:00:00,2026-02-28 08:00:00,27,0.5685768363608537
2026-02-27,2026-02-28 03:00:00,2026-02-28 09:00:00,28,0.5755125676070375
2026-02-27,2026-02-28 04:00:00,2026-02-28 10:00:00,29,0.6487184062762038
2026-02-27,2026-02-28 05:00:00,2026-02-28 11:00:00,30,0.7591343927834188
2026-02-27,2026-02-28 06:00:00,2026-02-28 12:00:00,31,0.8409748775448534
2026-02-27,2026-02-28 07:00:00,2026-02-28 13:00:00,32,0.8243736921189623
2026-02-27,2026-02-28 08:00:00,2026-02-28 14:00:00,33,0.7576124167239449
2026-02-27,2026-02-28 09:00:00,2026-02-28 15:00:00,34,0.6726347991991681
2026-02-27,2026-02-28 10:00:00,2026-02-28 16:00:00,35,0.5329066378123558
2026-02-27,2026-02-28 11:00:00,2026-02-28 17:00:00,36,0.4217747087268655
2026-02-27,2026-02-28 12:00:00,2026-02-28 18:00:00,37,0.3327540039383377
2026-02-27,2026-02-28 13:00:00,2026-02-28 19:00:00,38,0.35443435548885516
2026-02-27,2026-02-28 14:00:00,2026-02-28 20:00:00,39,0.3243546647195345
2026-02-27,2026-02-28 15:00:00,2026-02-28 21:00:00,40,0.3045642609077993
2026-02-27,2026-02-28 16:00:00,2026-02-28 22:00:00,41,0.4217613589593924
2026-02-27,2026-02-28 17:00:00,2026-02-28 23:00:00,42,0.41602099800047476
2026-02-27,2026-02-28 18:00:00,2026-03-01 00:00:00,43,0.3661252488313064
2026-02-27,2026-02-28 19:00:00,2026-03-01 01:00:00,44,0.27612230183285075
2026-02-27,2026-02-28 20:00:00,2026-03-01 02:00:00,45,0.2419137873914329
2026-02-27,2026-02-28 21:00:00,2026-03-01 03:00:00,46,0.20401653196211608
2026-02-27,2026-02-28 22:00:00,2026-03-01 04:00:00,47,0.2655793734994547
2026-02-27,2026-02-28 23:00:00,2026-03-01 05:00:00,48,0.2610888564415448
2026-02-28,2026-02-28 00:00:00,2026-02-28 06:00:00,1,0.6822667685665996
2026-02-28,2026-02-28 01:00:00,2026-02-28 07:00:00,2,0.7158570437705605
2026-02-28,2026-02-28 02:00:00,2026-02-28 08:00:00,3,0.7733851540906037
2026-02-28,2026-02-28 03:00:00,2026-02-28 09:00:00,4,0.8115755485256856
2026-02-28,2026-02-28 04:00:00,2026-02-28 10:00:00,5,0.8177332131391066
2026-02-28,2026-02-28 05:00:00,2026-02-28 11:00:00,6,0.8395594555589043
2026-02-28,2026-02-28 06:00:00,2026-02-28 12:00:00,7,0.8283110659573482
2026-02-28,2026-02-28 07:00:00,2026-02-28 13:00:00,8,0.814420935210772
2026-02-28,2026-02-28 08:00:00,2026-02-28 14:00:00,9,0.7265963454350682
2026-02-28,2026-02-28 09:00:00,2026-02-28 15:00:00,10,0.6934544225077335
2026-02-28,2026-02-28 10:00:00,2026-02-28 16:00:00,11,0.6339005184661238
2026-02-28,2026-02-28 11:00:00,2026-02-28 17:00:00,12,0.5767779564937122
2026-02-28,2026-02-28 12:00:00,2026-02-28 18:00:00,13,0.49321090380400434
2026-02-28,2026-02-28 13:00:00,2026-02-28 19:00:00,14,0.4581949515687866
2026-02-28,2026-02-28 14:00:00,2026-02-28 20:00:00,15,0.4713494951783025
2026-02-28,2026-02-28 15:00:00,2026-02-28 21:00:00,16,0.4112145266143406
2026-02-28,2026-02-28 16:00:00,2026-02-28 22:00:00,17,0.2857322032928094
2026-02-28,2026-02-28 17:00:00,2026-02-28 23:00:00,18,0.2621170559374753
2026-02-28,2026-02-28 18:00:00,2026-03-01 00:00:00,19,0.271612638472923
2026-02-28,2026-02-28 19:00:00,2026-03-01 01:00:00,20,0.2531546472365939
2026-02-28,2026-02-28 20:00:00,2026-03-01 02:00:00,21,0.23500682785556629
2026-02-28,2026-02-28 21:00:00,2026-03-01 03:00:00,22,0.21969354402446342
2026-02-28,2026-02-28 22:00:00,2026-03-01 04:00:00,23,0.20473227860944374
2026-02-28,2026-02-28 23:00:00,2026-03-01 05:00:00,24,0.2124671265215479
2026-02-28,2026-03-01 00:00:00,2026-03-01 06:00:00,25,0.2323806055381061
2026-02-28,2026-03-01 01:00:00,2026-03-01 07:00:00,26,0.12747375060735253
2026-02-28,2026-03-01 02:00:00,2026-03-01 08:00:00,27,0.07545922297572158
2026-02-28,2026-03-01 03:00:00,2026-03-01 09:00:00,28,0.05377929727216919
2026-02-28,2026-03-01 04:00:00,2026-03-01 10:00:00,29,0.027086242184111604
2026-02-28,2026-03-01 05:00:00,2026-03-01 11:00:00,30,0.012443574808265754
2026-02-28,2026-03-01 06:00:00,2026-03-01 12:00:00,31,0.012072870433718371
2026-02-28,2026-03-01 07:00:00,2026-03-01 13:00:00,32,0.018073114123737966
2026-02-28,2026-03-01 08:00:00,2026-03-01 14:00:00,33,0.025263878178737126
2026-02-28,2026-03-01 09:00:00,2026-03-01 15:00:00,34,0.0340593095663027
2026-02-28,2026-03-01 10:00:00,2026-03-01 16:00:00,35,0.025145082509255085
2026-02-28,2026-03-01 11:00:00,2026-03-01 17:00:00,36,0.019314640249158698
2026-02-28,2026-03-01 12:00:00,2026-03-01 18:00:00,37,0.03239517459120709
2026-02-28,2026-03-01 13:00:00,2026-03-01 19:00:00,38,0.035548584213752406
2026-02-28,2026-03-01 14:00:00,2026-03-01 20:00:00,39,0.05653899747867015
2026-02-28,2026-03-01 15:00:00,2026-03-01 21:00:00,40,0.13898259842593494
2026-02-28,2026-03-01 16:00:00,2026-03-01 22:00:00,41,0.16904934254274329
2026-02-28,2026-03-01 17:00:00,2026-03-01 23:00:00,42,0.3705057776518598
2026-02-28,2026-03-01 18:00:00,2026-03-02 00:00:00,43,0.48838861457982635
2026-02-28,2026-03-01 19:00:00,2026-03-02 01:00:00,44,0.7615499624383548
2026-02-28,2026-03-01 20:00:00,2026-03-02 02:00:00,45,0.8964134375063297
2026-02-28,2026-03-01 21:00:00,2026-03-02 03:00:00,46,0.9205031440545489
2026-02-28,2026-03-01 22:00:00,2026-03-02 04:00:00,47,0.8812625789311134
2026-02-28,2026-03-01 23:00:00,2026-03-02 05:00:00,48,0.8551772899474877
